time,is_openpilot_engaged,target position,currentspeed,currentVelocity,current_vehicle_angle,old_vehicle_angle,max_steer_vehicle_angle,steer_rate_limit,current_steer,old_steer,leftLaneProb,rightLaneProb,desiredPathProb,HasLead,specifyCruise,awarenessStatus,alertStatus,alertText1,alertText2,alertSound,detectionProbability,safety_procedure
15:37:27,False,"Location(x=389.181793, y=-187.630157, z=0.255402)",1.10274235561669,"Vector3D(x=0.000000, y=0.000000, z=-0.492969)",0,0,70,0.5,0,0,0,0,0,False,cruise,0,normal,,,none,detection probability less than 30,mitigation strategy
15:37:27,False,"Location(x=389.181793, y=-187.630157, z=0.184312)",2.80315333095312,"Vector3D(x=0.000000, y=0.000000, z=-1.253120)",0,0,70,0.5,0,0,0,0,0,False,cruise,1,normal,,,none,detection probability less than 30,mitigation strategy
15:37:27,False,"Location(x=389.181793, y=-187.630157, z=-0.001651)",1.42135580310724,"Vector3D(x=-0.000001, y=-0.000000, z=-0.635402)",0,0,70,0.5,0,0,0,0,0,False,cruise,1,normal,,,none,detection probability less than 30,mitigation strategy
15:37:27,False,"Location(x=389.181793, y=-187.630157, z=-0.023754)",0.025515685035899,"Vector3D(x=-0.000000, y=-0.000000, z=-0.011407)",0,0,70,0.5,0,0,0,0,0,False,cruise,1,normal,,,none,detection probability less than 30,mitigation strategy
15:37:27,False,"Location(x=389.181793, y=-187.630157, z=-0.019284)",0.1856043468769,"Vector3D(x=-0.000000, y=-0.000000, z=0.082972)",0,0,70,0.5,0,0,0,0,0,False,cruise,1,normal,,,none,detection probability less than 30,mitigation strategy
15:37:27,False,"Location(x=389.181793, y=-187.630157, z=-0.009786)",0.159290307240605,"Vector3D(x=-0.000000, y=0.000000, z=0.071209)",0,0,70,0.5,0,0,0,0,0,False,cruise,1,normal,,,none,detection probability less than 30,mitigation strategy
15:37:27,False,"Location(x=389.181793, y=-187.630157, z=-0.004417)",0.097606350904298,"Vector3D(x=-0.000000, y=-0.000000, z=0.043634)",0,0,70,0.5,0,0,0,0,0,False,cruise,1,normal,,,none,detection probability less than 30,mitigation strategy
15:37:27,False,"Location(x=389.181793, y=-187.630157, z=-0.001292)",0.051917532136943,"Vector3D(x=0.000000, y=0.000000, z=0.023209)",0,0,70,0.5,0,0,0,0,0,False,cruise,1,normal,,,none,detection probability less than 30,mitigation strategy
15:37:27,False,"Location(x=389.181793, y=-187.630157, z=-0.000119)",0.031052734416386,"Vector3D(x=0.000000, y=0.000000, z=0.013882)",0,0,70,0.5,0,0,0,0,0,False,cruise,1,normal,,,none,detection probability less than 30,mitigation strategy
15:37:28,False,"Location(x=389.181793, y=-187.630157, z=0.000399)",0.023026811750468,"Vector3D(x=0.000000, y=-0.000000, z=0.010294)",0,0,70,0.5,0,0,0,0,0,False,cruise,1,normal,,,none,detection probability less than 30,mitigation strategy
15:37:28,False,"Location(x=389.181793, y=-187.630157, z=0.001424)",0.004981208005282,"Vector3D(x=0.000000, y=0.000000, z=0.002227)",0,0,70,0.5,0,0,0,0,0,False,cruise,1,normal,,,none,detection probability less than 30,mitigation strategy
15:37:28,False,"Location(x=389.181793, y=-187.630157, z=0.001597)",0.003680764884049,"Vector3D(x=0.000000, y=0.000000, z=0.001645)",0,0,70,0.5,0,0,0,0,0,False,cruise,1,normal,,,none,detection probability less than 30,mitigation strategy
15:37:28,False,"Location(x=389.181793, y=-187.630157, z=0.001614)",0,"Vector3D(x=0.000000, y=0.000000, z=0.000000)",0,0,70,0.5,0,0,0,0,0,False,cruise,1,normal,,,none,detection probability less than 30,mitigation strategy
15:37:28,False,"Location(x=389.181793, y=-187.630157, z=0.001614)",0,"Vector3D(x=0.000000, y=0.000000, z=0.000000)",0,0,70,0.5,0,0,0,0,0,False,cruise,1,normal,,,none,detection probability less than 30,mitigation strategy
15:37:28,False,"Location(x=389.181793, y=-187.630157, z=0.001614)",0,"Vector3D(x=0.000000, y=0.000000, z=0.000000)",0,0,70,0.5,0,0,0,0,0,False,cruise,1,normal,,,none,detection probability less than 30,mitigation strategy
15:37:28,False,"Location(x=389.181793, y=-187.630157, z=0.001614)",0,"Vector3D(x=0.000000, y=0.000000, z=0.000000)",0,0,70,0.5,0,0,0,0,0,False,cruise,1,normal,,,none,detection probability less than 30,mitigation strategy
15:37:28,False,"Location(x=389.181793, y=-187.630157, z=0.001614)",0,"Vector3D(x=0.000000, y=0.000000, z=0.000000)",0,0,70,0.5,0,0,0,0,0,False,cruise,1,normal,,,none,detection probability less than 30,mitigation strategy
15:37:28,False,"Location(x=389.181793, y=-187.630157, z=0.001614)",0,"Vector3D(x=0.000000, y=0.000000, z=0.000000)",0,0,70,0.5,0,0,0,0,0,False,cruise,1,normal,,,none,detection probability less than 30,mitigation strategy
15:37:28,False,"Location(x=389.181793, y=-187.630157, z=0.001614)",0,"Vector3D(x=0.000000, y=0.000000, z=0.000000)",0,0,70,0.5,0,0,0,0,0,False,cruise,1,normal,,,none,detection probability less than 30,mitigation strategy
15:37:29,False,"Location(x=389.181793, y=-187.630157, z=0.001614)",0,"Vector3D(x=0.000000, y=0.000000, z=0.000000)",0,0,70,0.5,0,0,0,0,0,False,cruise,1,normal,,,none,detection probability less than 30,mitigation strategy
15:37:29,False,"Location(x=389.181793, y=-187.630157, z=0.001614)",0,"Vector3D(x=0.000000, y=0.000000, z=0.000000)",0,0,70,0.5,0,0,0,0,0,False,cruise,1,normal,,,none,detection probability less than 30,mitigation strategy
15:37:29,False,"Location(x=389.181793, y=-187.630157, z=0.001614)",0,"Vector3D(x=0.000000, y=0.000000, z=0.000000)",0,0,70,0.5,0,0,0,0,0,False,cruise,1,normal,,,none,detection probability less than 30,mitigation strategy
15:37:29,False,"Location(x=389.181793, y=-187.630157, z=0.001614)",0,"Vector3D(x=0.000000, y=0.000000, z=0.000000)",0,0,70,0.5,0,0,0,0,0,False,cruise,1,normal,,,none,detection probability less than 30,mitigation strategy
15:37:29,False,"Location(x=389.181793, y=-187.630157, z=0.001614)",0,"Vector3D(x=0.000000, y=0.000000, z=0.000000)",0,0,70,0.5,0,0,0,0,0,False,cruise,1,normal,,,none,detection probability less than 30,mitigation strategy
15:37:29,False,"Location(x=389.181793, y=-187.630157, z=0.001614)",0,"Vector3D(x=0.000000, y=0.000000, z=0.000000)",0,0,70,0.5,0,0,0,0,0,False,cruise,1,normal,,,none,detection probability less than 30,mitigation strategy
15:37:29,False,"Location(x=389.181793, y=-187.630157, z=0.001614)",0,"Vector3D(x=0.000000, y=0.000000, z=0.000000)",0,0,70,0.5,0,0,0,0,0,False,cruise,1,normal,,,none,detection probability less than 30,mitigation strategy
15:37:29,False,"Location(x=389.181793, y=-187.630157, z=0.001614)",0,"Vector3D(x=0.000000, y=0.000000, z=0.000000)",0,0,70,0.5,0,0,0,0,0,False,cruise,1,normal,,,none,detection probability less than 30,mitigation strategy
15:37:29,False,"Location(x=389.181793, y=-187.630157, z=0.001614)",0,"Vector3D(x=0.000000, y=0.000000, z=0.000000)",0,0,70,0.5,0,0,0,0,0,False,cruise,1,normal,,,none,detection probability less than 30,mitigation strategy
15:37:29,False,"Location(x=389.181793, y=-187.630157, z=0.001614)",0,"Vector3D(x=0.000000, y=0.000000, z=0.000000)",0,0,70,0.5,0,0,0,0,0,False,cruise,1,normal,,,none,detection probability less than 30,mitigation strategy
15:37:30,False,"Location(x=389.181793, y=-187.630157, z=0.001614)",0,"Vector3D(x=0.000000, y=0.000000, z=0.000000)",0,0,70,0.5,0,0,0,0,0,False,cruise,1,normal,,,none,detection probability less than 30,mitigation strategy
15:37:30,False,"Location(x=389.181793, y=-187.630157, z=0.001614)",0,"Vector3D(x=0.000000, y=0.000000, z=0.000000)",0,0,70,0.5,0,0,0,0,0,False,cruise,1,normal,,,none,detection probability less than 30,mitigation strategy
15:37:30,False,"Location(x=389.181793, y=-187.630157, z=0.001614)",0,"Vector3D(x=0.000000, y=0.000000, z=0.000000)",0,0,70,0.5,0,0,0,0,0,False,cruise,1,normal,,,none,detection probability less than 30,mitigation strategy
15:37:30,False,"Location(x=389.181793, y=-187.630157, z=0.001614)",0,"Vector3D(x=0.000000, y=0.000000, z=0.000000)",0,0,70,0.5,0,0,0,0,0,False,cruise,1,normal,,,none,detection probability less than 30,mitigation strategy
15:37:30,False,"Location(x=389.181793, y=-187.630157, z=0.001614)",0,"Vector3D(x=0.000000, y=0.000000, z=0.000000)",0,0,70,0.5,0,0,0,0,0,False,cruise,1,normal,,,none,detection probability less than 30,mitigation strategy
15:37:30,False,"Location(x=389.181793, y=-187.630157, z=0.001614)",0,"Vector3D(x=0.000000, y=0.000000, z=0.000000)",0,0,70,0.5,0,0,0,0,0,False,cruise,1,normal,,,none,detection probability less than 30,mitigation strategy
15:37:30,False,"Location(x=389.181793, y=-187.630157, z=0.001614)",0,"Vector3D(x=0.000000, y=0.000000, z=0.000000)",0,0,70,0.5,0,0,0,0,0,False,cruise,1,normal,,,none,detection probability less than 30,mitigation strategy
15:37:30,False,"Location(x=389.181793, y=-187.630157, z=0.001614)",0,"Vector3D(x=0.000000, y=0.000000, z=0.000000)",0,0,70,0.5,0,0,0,0,0,False,cruise,1,normal,,,none,detection probability less than 30,mitigation strategy
15:37:30,False,"Location(x=389.181793, y=-187.630157, z=0.001614)",0,"Vector3D(x=0.000000, y=0.000000, z=0.000000)",0,0,70,0.5,0,0,0,0,0,False,cruise,1,normal,,,none,detection probability less than 30,mitigation strategy
15:37:30,False,"Location(x=389.181793, y=-187.630157, z=0.001614)",0,"Vector3D(x=0.000000, y=0.000000, z=0.000000)",0,0,70,0.5,0,0,0,0,0,False,cruise,1,normal,,,none,detection probability less than 30,mitigation strategy
15:37:31,False,"Location(x=389.181793, y=-187.630157, z=0.001614)",0,"Vector3D(x=0.000000, y=0.000000, z=0.000000)",0,0,70,0.5,0,0,0,0,0,False,cruise,1,normal,,,none,detection probability less than 30,mitigation strategy
15:37:31,False,"Location(x=389.181793, y=-187.630157, z=0.001614)",0,"Vector3D(x=0.000000, y=0.000000, z=0.000000)",0,0,70,0.5,0,0,0,0,0,False,cruise,1,normal,,,none,detection probability less than 30,mitigation strategy
15:37:31,False,"Location(x=389.181793, y=-187.630157, z=0.001614)",0,"Vector3D(x=0.000000, y=0.000000, z=0.000000)",0,0,70,0.5,0,0,0,0,0,False,cruise,1,normal,,,none,detection probability less than 30,mitigation strategy
15:37:31,True,"Location(x=389.181793, y=-187.630157, z=0.001614)",0,"Vector3D(x=0.000000, y=0.000000, z=0.000000)",0,0,70,0.5,0,0,0.198,0.209,0,False,cruise,1,normal,,,none,detection probability less than 30,mitigation strategy
15:37:31,True,"Location(x=389.181793, y=-187.630157, z=0.001614)",0,"Vector3D(x=0.000000, y=0.000000, z=0.000000)",0.274,0.274,70,0.5,0,0,0.212,0.2,0,False,cruise,1,userPrompt,WARNING: This branch is not tested,Always keep hands on wheel and eyes on road,none,detection probability less than 30,mitigation strategy
15:37:31,True,"Location(x=389.181793, y=-187.630157, z=0.001462)",0.001664999938637,"Vector3D(x=0.000000, y=-0.000000, z=0.000744)",0.274,0.274,70,0.5,0,0,0.209,0.199,0,False,cruise,1,userPrompt,WARNING: This branch is not tested,Always keep hands on wheel and eyes on road,none,detection probability less than 30,mitigation strategy
15:37:31,True,"Location(x=389.181793, y=-187.630157, z=0.001499)",0.002398431480956,"Vector3D(x=-0.000000, y=-0.000000, z=0.001072)",0.274,0.274,70,0.5,0,0,0.208,0.198,0,False,cruise,1,normal,,,chimeEngage,detection probability less than 30,mitigation strategy
15:37:31,True,"Location(x=389.181793, y=-187.630157, z=0.001603)",0.00231345809977,"Vector3D(x=-0.000000, y=-0.000000, z=0.001034)",0.274,0.274,70,0.5,0,0,0.202,0.202,0,False,cruise,1,normal,,,chimeEngage,detection probability less than 30,mitigation strategy
15:37:31,True,"Location(x=389.181793, y=-187.630157, z=0.001697)",0.003159677070833,"Vector3D(x=-0.000000, y=0.000000, z=0.001412)",0.273,0.273,70,0.5,0,0,0.213,0.206,0,False,cruise,1,userPrompt,WARNING: This branch is not tested,Always keep hands on wheel and eyes on road,none,detection probability less than 30,mitigation strategy
15:37:31,True,"Location(x=389.181793, y=-187.630157, z=0.001689)",0.000493968908172,"Vector3D(x=-0.000000, y=0.000000, z=0.000221)",0.273,0.273,70,0.5,0,0,0.214,0.206,0,False,cruise,1,userPrompt,WARNING: This branch is not tested,Always keep hands on wheel and eyes on road,none,detection probability less than 30,mitigation strategy
15:37:32,True,"Location(x=389.181793, y=-187.630157, z=0.001710)",0.002547787815217,"Vector3D(x=-0.000000, y=-0.000000, z=0.001139)",0.273,0.273,70,0.5,0,0,0.215,0.207,0,False,cruise,1,userPrompt,WARNING: This branch is not tested,Always keep hands on wheel and eyes on road,none,detection probability less than 30,mitigation strategy
15:37:32,True,"Location(x=389.181793, y=-187.630157, z=0.001702)",0.003812419831959,"Vector3D(x=-0.000000, y=-0.000000, z=0.001704)",0.272,0.273,70,0.5,0,0,0.202,0.206,0,False,cruise,1,userPrompt,WARNING: This branch is not tested,Always keep hands on wheel and eyes on road,none,detection probability less than 30,mitigation strategy
15:37:32,True,"Location(x=389.181793, y=-187.630157, z=0.001732)",0,"Vector3D(x=0.000000, y=0.000000, z=0.000000)",0.273,0.273,70,0.5,0,0,0.205,0.215,0,False,cruise,1,userPrompt,WARNING: This branch is not tested,Always keep hands on wheel and eyes on road,none,detection probability less than 30,mitigation strategy
15:37:32,True,"Location(x=389.181793, y=-187.630157, z=0.001708)",0.000624811995681,"Vector3D(x=0.000000, y=-0.000000, z=0.000279)",0.272,0.272,70,0.5,0,0,0.201,0.215,0,False,cruise,1,userPrompt,WARNING: This branch is not tested,Always keep hands on wheel and eyes on road,none,detection probability less than 30,mitigation strategy
15:37:32,True,"Location(x=389.181793, y=-187.630157, z=0.001744)",0.003470808888899,"Vector3D(x=0.000000, y=0.000000, z=0.001552)",0.272,0.272,70,0.5,0,0,0.201,0.196,0,False,cruise,1,userPrompt,WARNING: This branch is not tested,Always keep hands on wheel and eyes on road,none,detection probability less than 30,mitigation strategy
15:37:32,True,"Location(x=389.181793, y=-187.630157, z=0.001727)",0.000736565543035,"Vector3D(x=0.000000, y=-0.000000, z=-0.000329)",0.272,0.272,70,0.5,0,0,0.202,0.204,0,False,cruise,1,userPrompt,WARNING: This branch is not tested,Always keep hands on wheel and eyes on road,none,detection probability less than 30,mitigation strategy
15:37:32,True,"Location(x=389.181793, y=-187.630157, z=0.001692)",0.000245094863441,"Vector3D(x=-0.000000, y=-0.000000, z=0.000110)",0.272,0.272,70,0.5,0,0,0.21,0.214,0,False,cruise,1,userPrompt,WARNING: This branch is not tested,Always keep hands on wheel and eyes on road,none,detection probability less than 30,mitigation strategy
15:37:32,True,"Location(x=389.181793, y=-187.630157, z=0.001680)",0.000597298193395,"Vector3D(x=0.000000, y=-0.000000, z=0.000267)",0.272,0.272,70,0.5,0,0,0.214,0.209,0,False,cruise,1,userPrompt,WARNING: This branch is not tested,Always keep hands on wheel and eyes on road,none,detection probability less than 30,mitigation strategy
15:37:32,True,"Location(x=389.181793, y=-187.630157, z=0.001681)",0.001318712222291,"Vector3D(x=0.000000, y=0.000000, z=-0.000590)",0.272,0.272,70,0.5,0,0,0.209,0.196,0,False,cruise,1,userPrompt,WARNING: This branch is not tested,Always keep hands on wheel and eyes on road,none,detection probability less than 30,mitigation strategy
15:37:32,True,"Location(x=389.181793, y=-187.630157, z=0.001655)",0.000250426899704,"Vector3D(x=0.000000, y=0.000000, z=-0.000112)",0.272,0.272,70,0.5,0,0,0.205,0.214,0,False,cruise,1,userPrompt,WARNING: This branch is not tested,Always keep hands on wheel and eyes on road,none,detection probability less than 30,mitigation strategy
15:37:33,True,"Location(x=389.181793, y=-187.630127, z=0.001675)",0.003168331738396,"Vector3D(x=0.000022, y=0.001355, z=-0.000410)",0.272,0.272,70,0.5,0,0,0.217,0.211,0,False,cruise,1,userPrompt,WARNING: This branch is not tested,Always keep hands on wheel and eyes on road,none,detection probability less than 30,mitigation strategy
15:37:33,True,"Location(x=389.181091, y=-187.561539, z=0.001427)",2.56191504358356,"Vector3D(x=-0.011758, y=1.145216, z=0.000185)",0.272,0.272,70,0.5,0,0,0.213,0.213,0,False,cruise,1,userPrompt,WARNING: This branch is not tested,Always keep hands on wheel and eyes on road,none,detection probability less than 30,mitigation strategy
15:37:33,True,"Location(x=389.179962, y=-187.453262, z=0.001348)",3.79484799993401,"Vector3D(x=-0.017145, y=1.696359, z=-0.000043)",0.607,0.649,70,0.5,-0.001,-0.001,0.283,0.236,0.148,False,cruise,1,userPrompt,WARNING: This branch is not tested,Always keep hands on wheel and eyes on road,none,detection probability less than 30,mitigation strategy
15:37:33,True,"Location(x=389.177185, y=-187.179520, z=0.001329)",5.09490540761453,"Vector3D(x=-0.023790, y=2.277498, z=-0.000128)",-0.3,-0.225,70,0.5,0,0,0.279,0.269,0,False,cruise,1,userPrompt,WARNING: This branch is not tested,Always keep hands on wheel and eyes on road,none,detection probability less than 30,mitigation strategy
15:37:33,True,"Location(x=389.175659, y=-187.034210, z=0.001380)",5.35595920548602,"Vector3D(x=-0.025237, y=2.394191, z=-0.000131)",0.306,0.017,70,0.5,0,0,0.224,0.218,0.176,False,cruise,1,userPrompt,WARNING: This branch is not tested,Always keep hands on wheel and eyes on road,none,detection probability less than 30,mitigation strategy
15:37:33,True,"Location(x=389.173065, y=-186.778534, z=0.001462)",5.47600631517829,"Vector3D(x=-0.024974, y=2.447862, z=0.000349)",0.13,0.128,70,0.5,0,0,0.174,0.194,0.112,False,cruise,1,userPrompt,WARNING: This branch is not tested,Always keep hands on wheel and eyes on road,none,detection probability less than 30,mitigation strategy
15:37:33,True,"Location(x=389.170502, y=-186.529221, z=0.001566)",5.39986506159567,"Vector3D(x=-0.025073, y=2.413821, z=-0.000061)",-0.329,-0.329,70,0.5,0,0,0.29,0.233,0.093,False,cruise,1,userPrompt,WARNING: This branch is not tested,Always keep hands on wheel and eyes on road,none,detection probability less than 30,mitigation strategy
15:37:33,True,"Location(x=389.167877, y=-186.287399, z=0.001698)",5.26608397775199,"Vector3D(x=-0.025387, y=2.354009, z=-0.000012)",-1.08,-1.074,70,0.5,0.001,0.001,0.277,0.201,0.119,False,cruise,1,userPrompt,WARNING: This branch is not tested,Always keep hands on wheel and eyes on road,none,detection probability less than 30,mitigation strategy
15:37:33,True,"Location(x=389.165314, y=-186.047318, z=0.001722)",5.15714720304004,"Vector3D(x=-0.026054, y=2.305300, z=0.000421)",-1.449,-1.449,70,0.5,0.001,0.001,0.285,0.199,0.102,False,cruise,1,userPrompt,WARNING: This branch is not tested,Always keep hands on wheel and eyes on road,none,detection probability less than 30,mitigation strategy
15:37:33,True,"Location(x=389.162231, y=-185.782059, z=0.001670)",5.12307668480271,"Vector3D(x=-0.026924, y=2.290058, z=-0.000177)",-1,-0.5,70,0.5,0.001,0,0.255,0.18,0.073,False,cruise,1,userPrompt,WARNING: This branch is not tested,Always keep hands on wheel and eyes on road,none,detection probability less than 30,mitigation strategy
15:37:34,True,"Location(x=389.159302, y=-185.530869, z=0.001690)",5.18445832999385,"Vector3D(x=-0.028138, y=2.317486, z=-0.000373)",-2.163,-2.173,70,0.5,0.002,0.002,0.328,0.258,0.096,False,cruise,1,userPrompt,WARNING: This branch is not tested,Always keep hands on wheel and eyes on road,none,detection probability less than 30,mitigation strategy
15:37:34,True,"Location(x=389.158508, y=-185.468018, z=0.001696)",5.21555375637675,"Vector3D(x=-0.028448, y=2.331384, z=0.000317)",-2.342,-2.34,70,0.5,0.002,0.002,0.257,0.217,0.053,False,cruise,1,userPrompt,WARNING: This branch is not tested,Always keep hands on wheel and eyes on road,none,detection probability less than 30,mitigation strategy
15:37:34,True,"Location(x=389.154480, y=-185.137939, z=0.001688)",5.45470873710508,"Vector3D(x=-0.030679, y=2.438276, z=0.000823)",-2.277,-2.303,70,0.5,0.002,0.002,0.25,0.197,0.053,False,cruise,1,userPrompt,WARNING: This branch is not tested,Always keep hands on wheel and eyes on road,none,detection probability less than 30,mitigation strategy
15:37:34,True,"Location(x=389.151276, y=-184.874374, z=0.001697)",5.70334334334719,"Vector3D(x=-0.032772, y=2.549407, z=0.001180)",-2.412,-2.429,70,0.5,0.002,0.002,0.309,0.259,0.044,False,cruise,1,userPrompt,WARNING: This branch is not tested,Always keep hands on wheel and eyes on road,none,detection probability less than 30,mitigation strategy
15:37:34,True,"Location(x=389.147919, y=-184.610703, z=0.001652)",5.96572784603145,"Vector3D(x=-0.034908, y=2.666686, z=0.000345)",-2.518,-2.54,70,0.5,0.002,0.002,0.274,0.244,0.053,False,cruise,1,userPrompt,WARNING: This branch is not tested,Always keep hands on wheel and eyes on road,none,detection probability less than 30,mitigation strategy
15:37:34,True,"Location(x=389.143311, y=-184.259293, z=0.001649)",6.3073443237281,"Vector3D(x=-0.037933, y=2.819375, z=0.000679)",-2.523,-2.523,70,0.5,0.002,0.002,0.258,0.213,0.068,False,cruise,1,userPrompt,WARNING: This branch is not tested,Always keep hands on wheel and eyes on road,none,detection probability less than 30,mitigation strategy
15:37:34,True,"Location(x=389.139496, y=-183.975830, z=0.001624)",6.57149279374978,"Vector3D(x=-0.039937, y=2.937444, z=-0.000625)",-2.31,-2.35,70,0.5,0.002,0.002,0.318,0.281,0.074,False,cruise,1,userPrompt,WARNING: This branch is not tested,Always keep hands on wheel and eyes on road,none,detection probability less than 30,mitigation strategy
15:37:34,True,"Location(x=389.135315, y=-183.668121, z=0.001595)",6.8325328960035,"Vector3D(x=-0.042061, y=3.054121, z=-0.000533)",-2.142,-2.142,70,0.5,0.002,0.002,0.255,0.199,0.068,False,cruise,1,userPrompt,WARNING: This branch is not tested,Always keep hands on wheel and eyes on road,none,detection probability less than 30,mitigation strategy
15:37:34,True,"Location(x=389.132660, y=-183.467651, z=0.001610)",6.98814176951718,"Vector3D(x=-0.043671, y=3.123668, z=0.000393)",-2.119,-2.119,70,0.5,0.002,0.002,0.263,0.205,0.046,False,cruise,1,userPrompt,WARNING: This branch is not tested,Always keep hands on wheel and eyes on road,none,detection probability less than 30,mitigation strategy
15:37:34,True,"Location(x=389.129395, y=-183.232452, z=0.001620)",7.15776863501938,"Vector3D(x=-0.044909, y=3.199488, z=0.000360)",-1.981,-1.949,70,0.5,0.002,0.002,0.277,0.215,0.027,False,cruise,1,userPrompt,WARNING: This branch is not tested,Always keep hands on wheel and eyes on road,none,detection probability less than 30,mitigation strategy
15:37:35,True,"Location(x=389.123474, y=-182.809433, z=0.001649)",7.43936712064734,"Vector3D(x=-0.047401, y=3.325351, z=0.000868)",-2.013,-2.031,70,0.5,0.002,0.002,0.316,0.263,0.027,False,cruise,1,userPrompt,WARNING: This branch is not tested,Always keep hands on wheel and eyes on road,none,detection probability less than 30,mitigation strategy
15:37:35,True,"Location(x=389.117218, y=-182.359756, z=0.001651)",7.71746030161242,"Vector3D(x=-0.049925, y=3.449646, z=-0.000310)",-1.763,-1.782,70,0.5,0.002,0.002,0.273,0.234,0.02,False,cruise,1,userPrompt,WARNING: This branch is not tested,Always keep hands on wheel and eyes on road,none,detection probability less than 30,mitigation strategy
15:37:35,True,"Location(x=389.112183, y=-182.013977, z=0.001616)",7.92365869812414,"Vector3D(x=-0.051705, y=3.541809, z=-0.000522)",-1.629,-1.645,70,0.5,0.002,0.002,0.288,0.249,0,False,cruise,1,userPrompt,WARNING: This branch is not tested,Always keep hands on wheel and eyes on road,none,detection probability less than 30,mitigation strategy
15:37:35,True,"Location(x=389.108978, y=-181.782959, z=0.001668)",8.06269080154896,"Vector3D(x=-0.052924, y=3.603951, z=0.000228)",-1.604,-1.613,70,0.5,0.002,0.002,0.245,0.209,0,False,cruise,1,userPrompt,WARNING: This branch is not tested,Always keep hands on wheel and eyes on road,none,detection probability less than 30,mitigation strategy
15:37:35,True,"Location(x=389.104645, y=-181.479095, z=0.001621)",8.24724903614996,"Vector3D(x=-0.054744, y=3.686438, z=-0.000516)",-1.196,-1.206,70,0.5,0.001,0.001,0.255,0.226,0,False,cruise,1,userPrompt,WARNING: This branch is not tested,Always keep hands on wheel and eyes on road,none,detection probability less than 30,mitigation strategy
15:37:35,True,"Location(x=389.096130, y=-180.905197, z=0.001622)",8.59442171220313,"Vector3D(x=-0.057313, y=3.841616, z=-0.000312)",-1.192,-1.192,70,0.5,0.001,0.001,0.273,0.235,0,False,cruise,1,userPrompt,WARNING: This branch is not tested,Always keep hands on wheel and eyes on road,none,detection probability less than 30,mitigation strategy
15:37:35,True,"Location(x=389.092529, y=-180.669632, z=0.001635)",8.73455005096474,"Vector3D(x=-0.058328, y=3.904251, z=-0.000275)",-1.152,-1.152,70,0.5,0.001,0.001,0.3,0.269,0,False,cruise,1,userPrompt,WARNING: This branch is not tested,Always keep hands on wheel and eyes on road,none,detection probability less than 30,mitigation strategy
15:37:35,True,"Location(x=389.084290, y=-180.115601, z=0.001617)",9.05521956186266,"Vector3D(x=-0.061076, y=4.047578, z=0.000344)",-0.788,-0.934,70,0.5,0.001,0.001,0.255,0.234,0,False,cruise,1,userPrompt,WARNING: This branch is not tested,Always keep hands on wheel and eyes on road,none,detection probability less than 30,mitigation strategy
15:37:35,True,"Location(x=389.078247, y=-179.704666, z=0.001612)",9.27912456895705,"Vector3D(x=-0.062177, y=4.147667, z=-0.000423)",-0.571,-0.58,70,0.5,0.001,0.001,0.289,0.258,0,False,cruise,1,userPrompt,WARNING: This branch is not tested,Always keep hands on wheel and eyes on road,none,detection probability less than 30,mitigation strategy
15:37:35,True,"Location(x=389.074402, y=-179.446487, z=0.001632)",9.41189213073772,"Vector3D(x=-0.063126, y=4.207012, z=-0.000175)",-0.411,-0.416,70,0.5,0,0,0.291,0.258,0,False,cruise,1,userPrompt,WARNING: This branch is not tested,Always keep hands on wheel and eyes on road,none,detection probability less than 30,mitigation strategy
15:37:36,True,"Location(x=389.067383, y=-178.973999, z=0.001649)",9.64571182033218,"Vector3D(x=-0.064387, y=4.311531, z=-0.000715)",-0.263,-0.209,70,0.5,0,0,0.312,0.296,0,False,cruise,1,userPrompt,WARNING: This branch is not tested,Always keep hands on wheel and eyes on road,none,detection probability less than 30,mitigation strategy
15:37:36,True,"Location(x=389.060974, y=-178.537964, z=0.001635)",9.85408794945438,"Vector3D(x=-0.065775, y=4.404673, z=0.000060)",-0.117,-0.119,70,0.5,0,0,0.362,0.353,0,False,cruise,1,userPrompt,WARNING: This branch is not tested,Always keep hands on wheel and eyes on road,none,detection probability less than 30,mitigation strategy
15:37:36,True,"Location(x=389.053162, y=-178.019043, z=0.001603)",10.0949598028718,"Vector3D(x=-0.066528, y=4.512353, z=0.000304)",0.144,0.144,70,0.5,0,0,0.328,0.304,0,False,cruise,1,userPrompt,WARNING: This branch is not tested,Always keep hands on wheel and eyes on road,none,detection probability less than 30,mitigation strategy
15:37:36,True,"Location(x=389.046814, y=-177.590912, z=0.001670)",10.2925204586229,"Vector3D(x=-0.067719, y=4.600662, z=0.001050)",0.089,0.087,70,0.5,0,0,0.33,0.315,0,False,cruise,1,userPrompt,WARNING: This branch is not tested,Always keep hands on wheel and eyes on road,none,detection probability less than 30,mitigation strategy
15:37:36,True,"Location(x=389.040497, y=-177.172958, z=0.001656)",10.4824983466471,"Vector3D(x=-0.068965, y=4.685581, z=0.000708)",0.225,0.224,70,0.5,0,0,0.381,0.371,0,False,cruise,1,userPrompt,WARNING: This branch is not tested,Always keep hands on wheel and eyes on road,none,detection probability less than 30,mitigation strategy
15:37:36,True,"Location(x=389.033325, y=-176.682465, z=0.001631)",10.701927925032,"Vector3D(x=-0.069889, y=4.783671, z=0.000671)",0.305,0.305,70,0.5,0,0,0.381,0.362,0,False,cruise,1,userPrompt,WARNING: This branch is not tested,Always keep hands on wheel and eyes on road,none,detection probability less than 30,mitigation strategy
15:37:36,True,"Location(x=389.025055, y=-176.114182, z=0.001622)",10.950625266507,"Vector3D(x=-0.070893, y=4.894846, z=-0.000928)",0.452,0.452,70,0.5,0,0,0.423,0.386,0,False,cruise,1,userPrompt,WARNING: This branch is not tested,Always keep hands on wheel and eyes on road,none,detection probability less than 30,mitigation strategy
15:37:36,True,"Location(x=389.017914, y=-175.617203, z=0.001608)",11.1605465108129,"Vector3D(x=-0.071810, y=4.988686, z=-0.000509)",0.351,0.351,70,0.5,0,0,0.461,0.428,0,False,cruise,1,userPrompt,WARNING: This branch is not tested,Always keep hands on wheel and eyes on road,none,detection probability less than 30,mitigation strategy
15:37:36,True,"Location(x=389.010498, y=-175.105698, z=0.001889)",11.3678212550574,"Vector3D(x=-0.072968, y=5.081338, z=0.001008)",0.359,0.359,70,0.5,0,0,0.43,0.377,0,False,cruise,1,userPrompt,WARNING: This branch is not tested,Always keep hands on wheel and eyes on road,none,detection probability less than 30,mitigation strategy
15:37:36,True,"Location(x=389.002869, y=-174.571320, z=0.001888)",11.5808440570305,"Vector3D(x=-0.073482, y=5.176570, z=-0.000413)",0.48,0.481,70,0.5,0,0,0.453,0.397,0,False,cruise,1,userPrompt,WARNING: This branch is not tested,Always keep hands on wheel and eyes on road,none,detection probability less than 30,mitigation strategy
15:37:37,True,"Location(x=388.995697, y=-174.067581, z=0.001845)",11.7828112039438,"Vector3D(x=-0.074122, y=5.266858, z=-0.000420)",0.547,0.547,70,0.5,-0.001,-0.001,0.549,0.505,0,False,cruise,1,userPrompt,WARNING: This branch is not tested,Always keep hands on wheel and eyes on road,none,detection probability less than 30,mitigation strategy
15:37:37,True,"Location(x=388.988190, y=-173.537109, z=0.001811)",11.9959249944642,"Vector3D(x=-0.074932, y=5.362126, z=-0.000261)",0.52,0.52,70,0.5,0,0,0.504,0.429,0,False,cruise,1,userPrompt,WARNING: This branch is not tested,Always keep hands on wheel and eyes on road,none,detection probability less than 30,mitigation strategy
15:37:37,True,"Location(x=388.980896, y=-173.010635, z=0.001791)",12.2038285478078,"Vector3D(x=-0.075734, y=5.455065, z=-0.000147)",0.497,0.497,70,0.5,0,0,0.596,0.544,0,False,cruise,1,userPrompt,WARNING: This branch is not tested,Always keep hands on wheel and eyes on road,none,detection probability less than 30,mitigation strategy
15:37:37,True,"Location(x=388.974640, y=-172.560654, z=0.001782)",12.3795465002628,"Vector3D(x=-0.076630, y=5.533613, z=-0.000083)",0.343,0.344,70,0.5,0,0,0.61,0.571,0,False,cruise,1,userPrompt,WARNING: This branch is not tested,Always keep hands on wheel and eyes on road,none,detection probability less than 30,mitigation strategy
15:37:37,True,"Location(x=388.966919, y=-172.010117, z=0.001776)",12.5923539209547,"Vector3D(x=-0.077837, y=5.628738, z=-0.000041)",0.258,0.338,70,0.5,0,0,0.564,0.498,0,False,cruise,1,userPrompt,WARNING: This branch is not tested,Always keep hands on wheel and eyes on road,none,detection probability less than 30,mitigation strategy
15:37:37,True,"Location(x=388.959717, y=-171.492004, z=0.001772)",12.794566950411,"Vector3D(x=-0.079000, y=5.719128, z=-0.000020)",0.143,0.143,70,0.5,0,0,0.642,0.555,0,False,cruise,1,userPrompt,WARNING: This branch is not tested,Always keep hands on wheel and eyes on road,none,detection probability less than 30,mitigation strategy
15:37:37,True,"Location(x=388.951324, y=-170.890762, z=0.001769)",13.0279700233822,"Vector3D(x=-0.080568, y=5.823457, z=-0.000012)",0.157,0.157,70,0.5,0,0,0.668,0.593,0,False,cruise,1,userPrompt,WARNING: This branch is not tested,Always keep hands on wheel and eyes on road,none,detection probability less than 30,mitigation strategy
15:37:37,True,"Location(x=388.943268, y=-170.309097, z=0.001768)",13.2513349600422,"Vector3D(x=-0.081834, y=5.923302, z=-0.000006)",0.366,0.366,70,0.5,0,0,0.685,0.596,0,False,cruise,1,userPrompt,WARNING: This branch is not tested,Always keep hands on wheel and eyes on road,none,detection probability less than 30,mitigation strategy
15:37:37,True,"Location(x=388.934784, y=-169.698608, z=0.001767)",13.4799520152655,"Vector3D(x=-0.082558, y=6.025502, z=-0.000001)",0.394,0.394,70,0.5,0,0,0.69,0.598,0,False,cruise,1,userPrompt,WARNING: This branch is not tested,Always keep hands on wheel and eyes on road,none,detection probability less than 30,mitigation strategy
15:37:37,True,"Location(x=388.926544, y=-169.093628, z=0.001767)",13.698720606783,"Vector3D(x=-0.083246, y=6.123300, z=-0.000001)",0.472,0.472,70,0.5,0,0,0.707,0.614,0,False,cruise,1,userPrompt,WARNING: This branch is not tested,Always keep hands on wheel and eyes on road,none,detection probability less than 30,mitigation strategy
15:37:38,True,"Location(x=388.918121, y=-168.474915, z=0.001767)",13.9169967962642,"Vector3D(x=-0.083550, y=6.220883, z=-0.000002)",0.55,0.55,70,0.5,-0.001,-0.001,0.7,0.616,0,False,cruise,1,userPrompt,WARNING: This branch is not tested,Always keep hands on wheel and eyes on road,none,detection probability less than 30,mitigation strategy
15:37:38,True,"Location(x=388.909668, y=-167.847717, z=0.001768)",14.1337410610239,"Vector3D(x=-0.084226, y=6.317776, z=0.000000)",0.484,0.514,70,0.5,0,0,0.742,0.67,0,False,cruise,1,userPrompt,WARNING: This branch is not tested,Always keep hands on wheel and eyes on road,none,detection probability less than 30,mitigation strategy
15:37:38,True,"Location(x=388.902924, y=-167.340439, z=0.001768)",14.3023392104643,"Vector3D(x=-0.084630, y=6.393147, z=0.000000)",0.613,0.48,70,0.5,-0.001,0,0.756,0.69,0,False,cruise,1,userPrompt,WARNING: This branch is not tested,Always keep hands on wheel and eyes on road,none,detection probability less than 30,mitigation strategy
15:37:38,True,"Location(x=388.890289, y=-166.373535, z=0.001769)",14.6148907015038,"Vector3D(x=-0.085073, y=6.532876, z=-0.000002)",1.023,1.024,70,0.5,-0.001,-0.001,0.765,0.69,0.101,False,cruise,1,userPrompt,WARNING: This branch is not tested,Always keep hands on wheel and eyes on road,none,detection probability less than 30,mitigation strategy
15:37:38,True,"Location(x=388.882263, y=-165.748840, z=0.001770)",14.8106044145428,"Vector3D(x=-0.085213, y=6.620373, z=-0.000001)",0.516,0.518,70,0.5,0,0,0.761,0.682,0.005,False,cruise,1,userPrompt,WARNING: This branch is not tested,Always keep hands on wheel and eyes on road,none,detection probability less than 30,mitigation strategy
15:37:38,True,"Location(x=388.873810, y=-165.090698, z=0.001771)",15.0120024882978,"Vector3D(x=-0.084268, y=6.710425, z=-0.000001)",1.096,1.098,70,0.5,-0.001,-0.001,0.779,0.724,0.124,False,cruise,1,userPrompt,WARNING: This branch is not tested,Always keep hands on wheel and eyes on road,none,detection probability less than 30,mitigation strategy
15:37:38,True,"Location(x=388.868347, y=-164.653290, z=0.001771)",15.1451900980316,"Vector3D(x=-0.082031, y=6.769998, z=0.000001)",1.396,1.676,70,0.5,-0.001,-0.002,0.773,0.711,0.187,False,cruise,1,userPrompt,WARNING: This branch is not tested,Always keep hands on wheel and eyes on road,none,detection probability less than 30,mitigation strategy
15:37:38,True,"Location(x=388.859436, y=-163.923294, z=0.001771)",15.3683361643614,"Vector3D(x=-0.080688, y=6.869776, z=-0.000001)",1.789,1.869,70,0.5,-0.002,-0.002,0.785,0.724,0.289,False,cruise,1,userPrompt,WARNING: This branch is not tested,Always keep hands on wheel and eyes on road,none,detection probability less than 30,mitigation strategy
15:37:38,True,"Location(x=388.851288, y=-163.214340, z=0.001770)",15.5837058098934,"Vector3D(x=-0.077829, y=6.966094, z=-0.000001)",2.254,2.195,70,0.5,-0.002,-0.002,0.786,0.723,0.384,False,cruise,1,userPrompt,WARNING: This branch is not tested,Always keep hands on wheel and eyes on road,none,detection probability less than 60,mitigation strategy
15:37:38,True,"Location(x=388.845215, y=-162.667999, z=0.001770)",15.7497225915665,"Vector3D(x=-0.074653, y=7.040349, z=-0.000001)",2.61,2.615,70,0.5,-0.002,-0.002,0.807,0.735,0.46,False,cruise,1,userPrompt,WARNING: This branch is not tested,Always keep hands on wheel and eyes on road,none,detection probability less than 60,mitigation strategy
15:37:39,True,"Location(x=388.836365, y=-161.824661, z=0.001769)",16.0011837812976,"Vector3D(x=-0.069752, y=7.152817, z=0.000001)",2.767,2.775,70,0.5,-0.003,-0.003,0.803,0.723,0.529,False,cruise,1,userPrompt,WARNING: This branch is not tested,Always keep hands on wheel and eyes on road,none,detection probability less than 60,mitigation strategy
15:37:39,True,"Location(x=388.826996, y=-160.836563, z=0.001770)",16.2876541694096,"Vector3D(x=-0.062850, y=7.280950, z=-0.000001)",3.126,3.13,70,0.5,-0.003,-0.003,0.833,0.768,0.615,False,cruise,1,userPrompt,WARNING: This branch is not tested,Always keep hands on wheel and eyes on road,none,detection probability more than 60,Pass
15:37:39,True,"Location(x=388.822906, y=-160.363419, z=0.001770)",16.4200487701176,"Vector3D(x=-0.059341, y=7.340167, z=-0.000001)",3.141,3.156,70,0.5,-0.003,-0.003,0.84,0.783,0.623,False,cruise,1,userPrompt,WARNING: This branch is not tested,Always keep hands on wheel and eyes on road,none,detection probability more than 60,Pass
15:37:39,True,"Location(x=388.816467, y=-159.560196, z=0.001771)",16.6374245056273,"Vector3D(x=-0.053518, y=7.437389, z=-0.000001)",3.086,3.092,70,0.5,-0.003,-0.003,0.828,0.785,0.616,False,cruise,1,userPrompt,WARNING: This branch is not tested,Always keep hands on wheel and eyes on road,none,detection probability more than 60,Pass
15:37:39,True,"Location(x=388.810883, y=-158.784439, z=0.001772)",16.8423438376792,"Vector3D(x=-0.048276, y=7.529034, z=0.000001)",2.78,2.959,70,0.5,-0.003,-0.003,0.829,0.794,0.653,False,cruise,1,userPrompt,WARNING: This branch is not tested,Always keep hands on wheel and eyes on road,none,detection probability more than 60,Pass
15:37:39,True,"Location(x=388.805176, y=-157.888763, z=0.001772)",17.0778444163021,"Vector3D(x=-0.043304, y=7.634344, z=-0.000001)",2.746,2.746,70,0.5,-0.003,-0.003,0.837,0.775,0.744,False,cruise,1,userPrompt,WARNING: This branch is not tested,Always keep hands on wheel and eyes on road,none,detection probability more than 60,Pass
15:37:39,True,"Location(x=388.800903, y=-157.112213, z=0.001772)",17.2845244828548,"Vector3D(x=-0.039059, y=7.726762, z=-0.000002)",2.458,2.467,70,0.5,-0.002,-0.002,0.829,0.782,0.73,False,cruise,1,userPrompt,WARNING: This branch is not tested,Always keep hands on wheel and eyes on road,none,detection probability more than 60,Pass
15:37:39,True,"Location(x=388.797058, y=-156.335617, z=0.001771)",17.4893460775489,"Vector3D(x=-0.035200, y=7.818345, z=-0.000001)",2.401,2.379,70,0.5,-0.002,-0.002,0.871,0.806,0.86,False,cruise,1,userPrompt,WARNING: This branch is not tested,Always keep hands on wheel and eyes on road,none,detection probability more than 60,Pass
15:37:39,True,"Location(x=388.793396, y=-155.515671, z=0.001771)",17.7055524995723,"Vector3D(x=-0.030434, y=7.915019, z=-0.000002)",2.384,2.392,70,0.5,-0.002,-0.002,0.843,0.799,0.834,False,cruise,1,userPrompt,WARNING: This branch is not tested,Always keep hands on wheel and eyes on road,none,detection probability more than 60,Pass
15:37:39,True,"Location(x=388.791321, y=-154.990799, z=0.001770)",17.8450408831242,"Vector3D(x=-0.028042, y=7.977385, z=0.000002)",2.113,2.113,70,0.5,-0.002,-0.002,0.879,0.82,0.879,False,cruise,1,userPrompt,WARNING: This branch is not tested,Always keep hands on wheel and eyes on road,none,detection probability more than 60,Pass
15:37:40,True,"Location(x=388.788635, y=-154.196823, z=0.001769)",18.0564650754274,"Vector3D(x=-0.024425, y=8.071912, z=-0.000001)",1.95,1.957,70,0.5,-0.002,-0.002,0.886,0.824,0.886,False,cruise,1,userPrompt,WARNING: This branch is not tested,Always keep hands on wheel and eyes on road,none,detection probability more than 60,Pass
15:37:40,True,"Location(x=388.785431, y=-153.100723, z=0.001768)",18.3451351864405,"Vector3D(x=-0.021736, y=8.200967, z=-0.000001)",1.11,1.096,70,0.5,-0.001,-0.001,0.866,0.802,0.877,False,cruise,1,userPrompt,WARNING: This branch is not tested,Always keep hands on wheel and eyes on road,none,detection probability more than 60,Pass
15:37:40,True,"Location(x=388.783142, y=-152.297119, z=0.001768)",18.5513550254254,"Vector3D(x=-0.021310, y=8.293157, z=0.000000)",0.637,0.637,70,0.5,-0.001,-0.001,0.899,0.81,0.917,False,cruise,1,userPrompt,WARNING: This branch is not tested,Always keep hands on wheel and eyes on road,none,detection probability more than 60,Pass
15:37:40,True,"Location(x=388.781036, y=-151.526169, z=0.001769)",18.7397636122281,"Vector3D(x=-0.020813, y=8.377384, z=0.000001)",0.632,0.632,70,0.5,-0.001,-0.001,0.884,0.824,0.895,False,cruise,1,userPrompt,WARNING: This branch is not tested,Always keep hands on wheel and eyes on road,none,detection probability more than 60,Pass
15:37:40,True,"Location(x=388.778870, y=-150.707428, z=0.001770)",18.932861503528,"Vector3D(x=-0.021503, y=8.463705, z=0.000002)",0.162,0.163,70,0.5,0,0,0.914,0.821,0.943,False,cruise,1,userPrompt,WARNING: This branch is not tested,Always keep hands on wheel and eyes on road,none,detection probability more than 60,Pass
15:37:40,True,"Location(x=388.776917, y=-149.983383, z=0.001771)",19.1019487946894,"Vector3D(x=-0.024246, y=8.539287, z=0.000002)",-0.418,-0.419,70,0.5,0,0,0.89,0.827,0.918,False,cruise,1,userPrompt,WARNING: This branch is not tested,Always keep hands on wheel and eyes on road,none,detection probability more than 60,Pass
15:37:40,True,"Location(x=388.773773, y=-148.940048, z=0.001771)",19.3454686289503,"Vector3D(x=-0.028760, y=8.648136, z=-0.000001)",-1.234,-1.237,70,0.5,0.001,0.001,0.882,0.783,0.922,False,cruise,1,userPrompt,WARNING: This branch is not tested,Always keep hands on wheel and eyes on road,none,detection probability more than 60,Pass
15:37:40,True,"Location(x=388.770782, y=-148.075607, z=0.001771)",19.5471287767671,"Vector3D(x=-0.032217, y=8.738275, z=-0.000002)",-1.269,-1.273,70,0.5,0.001,0.001,0.906,0.8,0.939,False,cruise,1,userPrompt,WARNING: This branch is not tested,Always keep hands on wheel and eyes on road,none,detection probability more than 60,Pass
15:37:40,True,"Location(x=388.767242, y=-147.162964, z=0.001770)",19.7626741182137,"Vector3D(x=-0.036751, y=8.834615, z=-0.000000)",-1.362,-1.362,70,0.5,0.001,0.001,0.842,0.759,0.885,False,cruise,1,userPrompt,WARNING: This branch is not tested,Always keep hands on wheel and eyes on road,none,detection probability more than 60,Pass
15:37:40,True,"Location(x=388.763428, y=-146.262024, z=0.001769)",19.9787981421937,"Vector3D(x=-0.040711, y=8.931214, z=0.000000)",-1.233,-1.24,70,0.5,0.001,0.001,0.849,0.764,0.877,False,cruise,1,userPrompt,WARNING: This branch is not tested,Always keep hands on wheel and eyes on road,none,detection probability more than 60,Pass
15:37:41,True,"Location(x=388.759552, y=-145.417358, z=0.001768)",20.1825811101151,"Vector3D(x=-0.044776, y=9.022295, z=-0.000001)",-1.277,-1.277,70,0.5,0.001,0.001,0.901,0.813,0.934,False,cruise,1,userPrompt,WARNING: This branch is not tested,Always keep hands on wheel and eyes on road,none,detection probability more than 60,Pass
15:37:41,True,"Location(x=388.755096, y=-144.534790, z=0.001766)",20.3977857258272,"Vector3D(x=-0.048575, y=9.118482, z=-0.000000)",-1.633,-1.633,70,0.5,0.002,0.002,0.912,0.831,0.951,False,cruise,1,userPrompt,WARNING: This branch is not tested,Always keep hands on wheel and eyes on road,none,detection probability more than 60,Pass
15:37:41,True,"Location(x=388.750214, y=-143.650909, z=0.001765)",20.6144648200502,"Vector3D(x=-0.053361, y=9.215321, z=-0.000001)",-1.243,-1.248,70,0.5,0.001,0.001,0.876,0.8,0.91,False,cruise,1,userPrompt,WARNING: This branch is not tested,Always keep hands on wheel and eyes on road,none,detection probability more than 60,Pass
15:37:41,True,"Location(x=388.745544, y=-142.853378, z=0.001764)",20.8085526803202,"Vector3D(x=-0.058149, y=9.302058, z=-0.000001)",-1.203,-1.206,70,0.5,0.001,0.001,0.889,0.818,0.916,False,cruise,1,userPrompt,WARNING: This branch is not tested,Always keep hands on wheel and eyes on road,none,detection probability more than 60,Pass
15:37:41,True,"Location(x=388.741241, y=-142.153030, z=0.001763)",20.9759359483813,"Vector3D(x=-0.061469, y=9.376865, z=-0.000001)",-1.597,-1.6,70,0.5,0.002,0.002,0.903,0.835,0.93,False,cruise,1,userPrompt,WARNING: This branch is not tested,Always keep hands on wheel and eyes on road,none,detection probability more than 60,Pass
15:37:41,True,"Location(x=388.734161, y=-141.096802, z=0.001763)",21.2234007760491,"Vector3D(x=-0.066387, y=9.487461, z=0.000001)",-1.627,-1.627,70,0.5,0.002,0.002,0.946,0.893,0.979,False,cruise,1,userPrompt,WARNING: This branch is not tested,Always keep hands on wheel and eyes on road,none,detection probability more than 60,Pass
15:37:41,True,"Location(x=388.726562, y=-140.042328, z=0.001764)",21.4652873085223,"Vector3D(x=-0.072600, y=9.595551, z=0.000002)",-1.315,-1.318,70,0.5,0.001,0.001,0.924,0.835,0.959,False,cruise,1,userPrompt,WARNING: This branch is not tested,Always keep hands on wheel and eyes on road,none,detection probability more than 60,Pass
15:37:41,True,"Location(x=388.719177, y=-139.071274, z=0.001764)",21.6826055545612,"Vector3D(x=-0.077266, y=9.692668, z=-0.000001)",-1.161,-1.576,70,0.5,0.001,0.002,0.911,0.843,0.942,False,cruise,1,userPrompt,WARNING: This branch is not tested,Always keep hands on wheel and eyes on road,none,detection probability more than 60,Pass
15:37:41,True,"Location(x=388.711121, y=-138.081955, z=0.001765)",21.8995263286457,"Vector3D(x=-0.081936, y=9.789605, z=0.000001)",-1.492,-1.495,70,0.5,0.001,0.001,0.947,0.9,0.981,False,cruise,1,userPrompt,WARNING: This branch is not tested,Always keep hands on wheel and eyes on road,none,detection probability more than 60,Pass
15:37:41,True,"Location(x=388.700470, y=-136.820480, z=0.001765)",22.1728476506204,"Vector3D(x=-0.088060, y=9.911742, z=0.000001)",-1.101,-1.354,70,0.5,0.001,0.001,0.942,0.885,0.965,False,cruise,1,userPrompt,WARNING: This branch is not tested,Always keep hands on wheel and eyes on road,none,detection probability more than 60,Pass
15:37:42,True,"Location(x=388.691711, y=-135.848053, z=0.001765)",22.381675925186,"Vector3D(x=-0.092607, y=10.005059, z=0.000002)",-1.285,-1.287,70,0.5,0.001,0.001,0.961,0.917,0.984,False,cruise,1,userPrompt,WARNING: This branch is not tested,Always keep hands on wheel and eyes on road,none,detection probability more than 60,Pass
15:37:42,True,"Location(x=388.682495, y=-134.865967, z=0.001765)",22.5923951490013,"Vector3D(x=-0.097551, y=10.099216, z=0.000001)",-0.88,-0.883,70,0.5,0.001,0.001,0.951,0.891,0.971,False,cruise,1,userPrompt,WARNING: This branch is not tested,Always keep hands on wheel and eyes on road,none,detection probability more than 60,Pass
15:37:42,True,"Location(x=388.676361, y=-134.232224, z=0.001765)",22.7298011012136,"Vector3D(x=-0.100261, y=10.160619, z=-0.000001)",-0.932,-1.191,70,0.5,0.001,0.001,0.95,0.896,0.971,False,cruise,1,userPrompt,WARNING: This branch is not tested,Always keep hands on wheel and eyes on road,none,detection probability more than 60,Pass
15:37:42,True,"Location(x=388.665192, y=-133.113770, z=0.001764)",22.9746464176879,"Vector3D(x=-0.104930, y=10.270033, z=0.000001)",-1.212,-1.215,70,0.5,0.001,0.001,0.966,0.926,0.99,False,cruise,1,userPrompt,WARNING: This branch is not tested,Always keep hands on wheel and eyes on road,none,detection probability more than 60,Pass
15:37:42,True,"Location(x=388.650940, y=-131.742828, z=0.001762)",23.2722637474791,"Vector3D(x=-0.111325, y=10.403020, z=0.000001)",-1.013,-1.017,70,0.5,0.001,0.001,0.96,0.909,0.986,False,cruise,1,userPrompt,WARNING: This branch is not tested,Always keep hands on wheel and eyes on road,none,detection probability more than 60,Pass
15:37:42,True,"Location(x=388.643829, y=-131.078018, z=0.001762)",23.4142602236223,"Vector3D(x=-0.113658, y=10.466476, z=-0.000002)",-0.922,-0.924,70,0.5,0.001,0.001,0.961,0.919,0.986,False,cruise,1,userPrompt,WARNING: This branch is not tested,Always keep hands on wheel and eyes on road,none,detection probability more than 60,Pass
15:37:42,True,"Location(x=388.634979, y=-130.264252, z=0.001762)",23.5859555453169,"Vector3D(x=-0.117202, y=10.543197, z=0.000001)",-0.501,-0.503,70,0.5,0,0,0.967,0.911,0.984,False,cruise,1,userPrompt,WARNING: This branch is not tested,Always keep hands on wheel and eyes on road,none,detection probability more than 60,Pass
15:37:42,True,"Location(x=388.621429, y=-129.048477, z=0.001762)",23.8429758090373,"Vector3D(x=-0.120267, y=10.658068, z=0.000001)",-0.513,-0.515,70,0.5,0,0,0.954,0.916,0.995,False,cruise,1,userPrompt,WARNING: This branch is not tested,Always keep hands on wheel and eyes on road,none,detection probability more than 60,Pass
15:37:42,True,"Location(x=388.603973, y=-127.509415, z=0.001762)",24.0748045389623,"Vector3D(x=-0.123604, y=10.761673, z=0.000001)",-0.431,-0.432,70,0.5,0,0,0.966,0.915,0.991,False,cruise,1,userPrompt,WARNING: This branch is not tested,Always keep hands on wheel and eyes on road,none,detection probability more than 60,Pass
15:37:42,True,"Location(x=388.591919, y=-126.468102, z=0.001763)",24.3655269895348,"Vector3D(x=-0.127115, y=10.891605, z=-0.000001)",-0.351,-0.352,70,0.5,0,0,0.964,0.932,0.997,False,cruise,1,userPrompt,WARNING: This branch is not tested,Always keep hands on wheel and eyes on road,none,detection probability more than 60,Pass
15:37:43,True,"Location(x=388.579529, y=-125.418793, z=0.001763)",24.570234466541,"Vector3D(x=-0.129326, y=10.983098, z=-0.000001)",-0.106,-0.106,70,0.5,0,0,0.96,0.926,0.991,False,cruise,1,userPrompt,WARNING: This branch is not tested,Always keep hands on wheel and eyes on road,none,detection probability more than 60,Pass
15:37:43,True,"Location(x=388.566132, y=-124.285332, z=0.001764)",24.7863318302292,"Vector3D(x=-0.130513, y=11.079695, z=-0.000000)",-0.095,-0.096,70,0.5,0,0,0.965,0.929,0.994,False,cruise,1,userPrompt,WARNING: This branch is not tested,Always keep hands on wheel and eyes on road,none,detection probability more than 60,Pass
15:37:43,True,"Location(x=388.552490, y=-123.123650, z=0.001765)",25.0035707622246,"Vector3D(x=-0.131956, y=11.176799, z=0.000001)",-0.044,-0.044,70,0.5,0,0,0.968,0.933,0.996,False,cruise,1,userPrompt,WARNING: This branch is not tested,Always keep hands on wheel and eyes on road,none,detection probability more than 60,Pass
15:37:43,True,"Location(x=388.539093, y=-121.988228, z=0.001766)",25.2127459115423,"Vector3D(x=-0.132978, y=11.270303, z=-0.000001)",-0.017,-0.018,70,0.5,0,0,0.97,0.941,0.998,False,cruise,1,userPrompt,WARNING: This branch is not tested,Always keep hands on wheel and eyes on road,none,detection probability more than 60,Pass
15:37:43,True,"Location(x=388.526001, y=-120.893776, z=0.001766)",25.4121287815393,"Vector3D(x=-0.134122, y=11.359427, z=-0.000001)",-0.092,-0.092,70,0.5,0,0,0.978,0.943,0.999,False,cruise,1,userPrompt,WARNING: This branch is not tested,Always keep hands on wheel and eyes on road,none,detection probability more than 60,Pass
15:37:43,True,"Location(x=388.512360, y=-119.736313, z=0.001766)",25.6208640591063,"Vector3D(x=-0.134642, y=11.452741, z=-0.000001)",0.121,0.121,70,0.5,0,0,0.974,0.934,0.997,False,cruise,1,userPrompt,WARNING: This branch is not tested,Always keep hands on wheel and eyes on road,none,detection probability more than 60,Pass
15:37:43,True,"Location(x=388.503326, y=-118.967201, z=0.001766)",25.7594615901548,"Vector3D(x=-0.134699, y=11.514703, z=0.000002)",0.17,0.17,70,0.5,0,0,0.981,0.942,0.999,False,cruise,1,userPrompt,WARNING: This branch is not tested,Always keep hands on wheel and eyes on road,none,detection probability more than 60,Pass
15:37:43,True,"Location(x=388.488770, y=-117.730797, z=0.001766)",25.9844286626415,"Vector3D(x=-0.134741, y=11.615278, z=0.000001)",0.293,0.293,70,0.5,0,0,0.978,0.938,0.999,False,cruise,1,userPrompt,WARNING: This branch is not tested,Always keep hands on wheel and eyes on road,none,detection probability more than 60,Pass
15:37:43,True,"Location(x=388.475525, y=-116.592621, z=0.001765)",26.1966761906013,"Vector3D(x=-0.134380, y=11.710172, z=0.000001)",0.312,0.315,70,0.5,0,0,0.983,0.942,0.999,False,cruise,1,userPrompt,WARNING: This branch is not tested,Always keep hands on wheel and eyes on road,none,detection probability more than 60,Pass
15:37:43,True,"Location(x=388.462128, y=-115.417664, z=0.001763)",26.4181566652826,"Vector3D(x=-0.134445, y=11.809188, z=0.000001)",0.345,0.254,70,0.5,0,0,0.981,0.935,0.999,False,cruise,1,userPrompt,WARNING: This branch is not tested,Always keep hands on wheel and eyes on road,none,detection probability more than 60,Pass
15:37:44,True,"Location(x=388.449158, y=-114.271111, z=0.001762)",26.6331047370421,"Vector3D(x=-0.134055, y=11.905289, z=-0.000000)",0.367,0.367,70,0.5,0,0,0.969,0.926,0.998,False,cruise,1,userPrompt,WARNING: This branch is not tested,Always keep hands on wheel and eyes on road,none,detection probability more than 60,Pass
15:37:44,True,"Location(x=388.431091, y=-112.641182, z=0.001761)",26.93346010988,"Vector3D(x=-0.133523, y=12.039574, z=-0.000000)",0.364,0.324,70,0.5,0,0,0.98,0.932,0.999,False,cruise,1,userPrompt,WARNING: This branch is not tested,Always keep hands on wheel and eyes on road,none,detection probability more than 60,Pass
15:37:44,True,"Location(x=388.417877, y=-111.446846, z=0.001761)",27.147845406757,"Vector3D(x=-0.132848, y=12.135426, z=-0.000001)",0.23,0.363,70,0.5,0,0,0.968,0.928,0.998,False,cruise,1,userPrompt,WARNING: This branch is not tested,Always keep hands on wheel and eyes on road,none,detection probability more than 60,Pass
15:37:44,True,"Location(x=388.404785, y=-110.259308, z=0.001762)",27.3598780642592,"Vector3D(x=-0.132953, y=12.230217, z=-0.000001)",0.417,0.417,70,0.5,0,0,0.977,0.931,0.998,False,cruise,1,userPrompt,WARNING: This branch is not tested,Always keep hands on wheel and eyes on road,none,detection probability more than 60,Pass
15:37:44,True,"Location(x=388.391357, y=-108.998611, z=0.001761)",27.5863496901593,"Vector3D(x=-0.132052, y=12.331474, z=-0.000002)",0.264,0.264,70,0.5,0,0,0.978,0.926,0.998,False,cruise,1,userPrompt,WARNING: This branch is not tested,Always keep hands on wheel and eyes on road,none,detection probability more than 60,Pass
15:37:44,True,"Location(x=388.382477, y=-108.174004, z=0.001761)",27.735551690549,"Vector3D(x=-0.131704, y=12.398181, z=-0.000001)",0.23,0.23,70,0.5,0,0,0.979,0.934,0.999,False,cruise,1,userPrompt,WARNING: This branch is not tested,Always keep hands on wheel and eyes on road,none,detection probability more than 60,Pass
15:37:44,True,"Location(x=388.368866, y=-106.885475, z=0.001760)",27.9680354493307,"Vector3D(x=-0.131426, y=12.502119, z=0.000001)",0.229,0.229,70,0.5,0,0,0.979,0.928,0.999,False,cruise,1,userPrompt,WARNING: This branch is not tested,Always keep hands on wheel and eyes on road,none,detection probability more than 60,Pass
15:37:44,True,"Location(x=388.356293, y=-105.686943, z=0.001760)",28.1821181845977,"Vector3D(x=-0.131131, y=12.597831, z=-0.000002)",0.196,0.196,70,0.5,0,0,0.948,0.901,0.995,False,cruise,1,userPrompt,WARNING: This branch is not tested,Always keep hands on wheel and eyes on road,none,detection probability more than 60,Pass
15:37:44,True,"Location(x=388.338715, y=-103.988121, z=0.001759)",28.4816196960575,"Vector3D(x=-0.131339, y=12.731725, z=-0.000002)",0.181,0.181,70,0.5,0,0,0.978,0.936,0.999,False,cruise,1,userPrompt,WARNING: This branch is not tested,Always keep hands on wheel and eyes on road,none,detection probability more than 60,Pass
15:37:44,True,"Location(x=388.330292, y=-103.175743, z=0.001759)",28.6231856161793,"Vector3D(x=-0.131636, y=12.795011, z=0.000002)",0.261,0.261,70,0.5,0,0,0.951,0.911,0.996,False,cruise,1,userPrompt,WARNING: This branch is not tested,Always keep hands on wheel and eyes on road,none,detection probability more than 60,Pass
15:37:45,True,"Location(x=388.315155, y=-101.700897, z=0.001760)",28.8761173328239,"Vector3D(x=-0.131368, y=12.908090, z=-0.000002)",0.241,0.241,70,0.5,0,0,0.973,0.939,0.998,False,cruise,1,userPrompt,WARNING: This branch is not tested,Always keep hands on wheel and eyes on road,none,detection probability more than 60,Pass
15:37:45,True,"Location(x=388.302795, y=-100.479439, z=0.001760)",29.0781279657031,"Vector3D(x=-0.130923, y=12.998405, z=0.000001)",0.494,0.495,70,0.5,0,0,0.978,0.937,0.999,False,cruise,1,userPrompt,WARNING: This branch is not tested,Always keep hands on wheel and eyes on road,none,detection probability more than 60,Pass
15:37:45,True,"Location(x=388.289764, y=-99.176949, z=0.001762)",29.2856315928139,"Vector3D(x=-0.130845, y=13.091173, z=-0.000000)",0.169,0.169,70,0.5,0,0,0.97,0.929,0.998,False,cruise,1,userPrompt,WARNING: This branch is not tested,Always keep hands on wheel and eyes on road,none,detection probability more than 60,Pass
15:37:45,True,"Location(x=388.276947, y=-97.907478, z=0.001763)",29.4822452598525,"Vector3D(x=-0.130954, y=13.179070, z=0.000000)",0.266,0.266,70,0.5,0,0,0.957,0.907,0.996,False,cruise,1,userPrompt,WARNING: This branch is not tested,Always keep hands on wheel and eyes on road,none,detection probability more than 60,Pass
15:37:45,True,"Location(x=388.264069, y=-96.603485, z=0.001764)",29.6818602976327,"Vector3D(x=-0.130573, y=13.268314, z=0.000001)",0.339,0.339,70,0.5,0,0,0.968,0.93,0.998,False,cruise,1,userPrompt,WARNING: This branch is not tested,Always keep hands on wheel and eyes on road,none,detection probability more than 60,Pass
15:37:45,True,"Location(x=388.246582, y=-94.817589, z=0.001765)",29.9498611474774,"Vector3D(x=-0.129066, y=13.388142, z=-0.000001)",0.376,0.376,70,0.5,0,0,0.984,0.945,0.999,False,cruise,1,userPrompt,WARNING: This branch is not tested,Always keep hands on wheel and eyes on road,none,detection probability more than 60,Pass
15:37:45,True,"Location(x=388.233704, y=-93.477905, z=0.001766)",30.149565985665,"Vector3D(x=-0.128155, y=13.477430, z=0.000002)",0.43,0.43,70,0.5,0,0,0.966,0.92,0.997,False,cruise,1,userPrompt,WARNING: This branch is not tested,Always keep hands on wheel and eyes on road,none,detection probability more than 60,Pass
15:37:45,True,"Location(x=388.221313, y=-92.182281, z=0.001765)",30.3429496967859,"Vector3D(x=-0.126998, y=13.563895, z=0.000002)",0.277,0.277,70,0.5,0,0,0.979,0.935,0.999,False,cruise,1,userPrompt,WARNING: This branch is not tested,Always keep hands on wheel and eyes on road,none,detection probability more than 60,Pass
15:37:45,True,"Location(x=388.209259, y=-90.883751, z=0.001766)",30.5346805234501,"Vector3D(x=-0.126549, y=13.649614, z=-0.000001)",0.157,0.157,70,0.5,0,0,0.975,0.928,0.998,False,cruise,1,userPrompt,WARNING: This branch is not tested,Always keep hands on wheel and eyes on road,none,detection probability more than 60,Pass
15:37:45,True,"Location(x=388.196075, y=-89.449928, z=0.001766)",30.7447101795207,"Vector3D(x=-0.125986, y=13.743515, z=0.000001)",0.148,0.148,70,0.5,0,0,0.962,0.916,0.997,False,cruise,1,userPrompt,WARNING: This branch is not tested,Always keep hands on wheel and eyes on road,none,detection probability more than 60,Pass
15:37:46,True,"Location(x=388.184204, y=-88.157410, z=0.001766)",30.9323180060619,"Vector3D(x=-0.125221, y=13.827394, z=-0.000001)",0.496,0.143,70,0.5,0,0,0.961,0.913,0.997,False,cruise,1,userPrompt,WARNING: This branch is not tested,Always keep hands on wheel and eyes on road,none,detection probability more than 60,Pass
15:37:46,True,"Location(x=388.170685, y=-86.656235, z=0.001766)",31.1477277592034,"Vector3D(x=-0.124842, y=13.923697, z=-0.000001)",0.474,-0.024,70,0.5,0,0,0.964,0.919,0.997,False,cruise,1,userPrompt,WARNING: This branch is not tested,Always keep hands on wheel and eyes on road,none,detection probability more than 60,Pass
15:37:46,True,"Location(x=388.158630, y=-85.306953, z=0.001766)",31.3378028367862,"Vector3D(x=-0.123782, y=14.008681, z=-0.000001)",0.005,0.005,70,0.5,0,0,0.982,0.945,0.999,False,cruise,1,userPrompt,WARNING: This branch is not tested,Always keep hands on wheel and eyes on road,none,detection probability more than 60,Pass
15:37:46,True,"Location(x=388.146973, y=-83.982613, z=0.001766)",31.5203697602095,"Vector3D(x=-0.123392, y=14.090302, z=0.000002)",-0.042,-0.042,70,0.5,0,0,0.983,0.94,0.999,False,cruise,1,userPrompt,WARNING: This branch is not tested,Always keep hands on wheel and eyes on road,none,detection probability more than 60,Pass
15:37:46,True,"Location(x=388.134430, y=-82.547241, z=0.001767)",31.7122270440517,"Vector3D(x=-0.123438, y=14.176073, z=-0.000001)",-0.03,-0.03,70,0.5,0,0,0.984,0.941,0.999,False,cruise,1,userPrompt,WARNING: This branch is not tested,Always keep hands on wheel and eyes on road,none,detection probability more than 60,Pass
15:37:46,True,"Location(x=388.121918, y=-81.107162, z=0.001769)",31.8992262943049,"Vector3D(x=-0.123114, y=14.259675, z=-0.000001)",-0.02,-0.02,70,0.5,0,0,0.984,0.947,0.999,False,cruise,1,userPrompt,WARNING: This branch is not tested,Always keep hands on wheel and eyes on road,none,detection probability more than 60,Pass
15:37:46,True,"Location(x=388.109833, y=-79.705582, z=0.001770)",32.0754984639177,"Vector3D(x=-0.121489, y=14.338492, z=0.000002)",-0.025,-0.025,70,0.5,0,0,0.978,0.934,0.999,False,cruise,1,userPrompt,WARNING: This branch is not tested,Always keep hands on wheel and eyes on road,none,detection probability more than 60,Pass
15:37:46,True,"Location(x=388.099670, y=-78.504814, z=0.001771)",32.2222756564103,"Vector3D(x=-0.120004, y=14.404122, z=0.000000)",0.469,-0.031,70,0.5,0,0,0.955,0.908,0.996,False,cruise,1,userPrompt,WARNING: This branch is not tested,Always keep hands on wheel and eyes on road,none,detection probability more than 60,Pass
15:37:46,True,"Location(x=388.088196, y=-77.119553, z=0.001772)",32.3843556616048,"Vector3D(x=-0.118775, y=14.476591, z=0.000000)",0.23,0.23,70,0.5,0,0,0.941,0.881,0.993,False,cruise,1,userPrompt,WARNING: This branch is not tested,Always keep hands on wheel and eyes on road,none,detection probability more than 60,Pass
15:37:46,True,"Location(x=388.076508, y=-75.691376, z=0.001774)",32.5422723940048,"Vector3D(x=-0.119088, y=14.547186, z=-0.000001)",-0.297,-0.194,70,0.5,0,0,0.975,0.927,0.998,False,cruise,1,userPrompt,WARNING: This branch is not tested,Always keep hands on wheel and eyes on road,none,detection probability more than 60,Pass
15:37:47,True,"Location(x=388.064484, y=-74.243004, z=0.001777)",32.6967891702734,"Vector3D(x=-0.120701, y=14.616250, z=0.000002)",-0.087,0.151,70,0.5,0,0,0.969,0.925,0.998,False,cruise,1,userPrompt,WARNING: This branch is not tested,Always keep hands on wheel and eyes on road,none,detection probability more than 60,Pass
15:37:47,True,"Location(x=388.052155, y=-72.746216, z=0.001778)",32.8496930473763,"Vector3D(x=-0.120797, y=14.684606, z=0.000001)",0.075,0.075,70,0.5,0,0,0.963,0.91,0.997,False,cruise,1,userPrompt,WARNING: This branch is not tested,Always keep hands on wheel and eyes on road,none,detection probability more than 60,Pass
15:37:47,True,"Location(x=388.039398, y=-71.192215, z=0.001781)",32.997942299507,"Vector3D(x=-0.121247, y=14.750877, z=0.000001)",0.284,0.284,70,0.5,0,0,0.944,0.898,0.994,False,cruise,1,userPrompt,WARNING: This branch is not tested,Always keep hands on wheel and eyes on road,none,detection probability more than 60,Pass
15:37:47,True,"Location(x=388.027802, y=-69.783844, z=0.001783)",33.1242102258059,"Vector3D(x=-0.121905, y=14.807321, z=-0.000002)",0.201,0.201,70,0.5,0,0,0.973,0.935,0.998,False,cruise,1,userPrompt,WARNING: This branch is not tested,Always keep hands on wheel and eyes on road,none,detection probability more than 60,Pass
15:37:47,True,"Location(x=388.012299, y=-67.894478, z=0.001786)",33.28307611094,"Vector3D(x=-0.122095, y=14.878341, z=-0.000001)",-0.382,0.002,70,0.5,0,0,0.982,0.953,0.999,False,cruise,1,userPrompt,WARNING: This branch is not tested,Always keep hands on wheel and eyes on road,none,detection probability more than 60,Pass
15:37:47,True,"Location(x=388.001007, y=-66.514259, z=0.001788)",33.3916280559645,"Vector3D(x=-0.122901, y=14.926863, z=-0.000000)",0.121,0.121,70,0.5,0,0,0.95,0.931,0.996,False,cruise,1,userPrompt,WARNING: This branch is not tested,Always keep hands on wheel and eyes on road,none,detection probability more than 60,Pass
15:37:47,True,"Location(x=387.990723, y=-65.263786, z=0.001790)",33.4858902328001,"Vector3D(x=-0.123287, y=14.969000, z=0.000001)",-0.322,-0.323,70,0.5,0,0,0.969,0.951,0.998,False,cruise,1,userPrompt,WARNING: This branch is not tested,Always keep hands on wheel and eyes on road,none,detection probability more than 60,Pass
15:37:47,True,"Location(x=387.978821, y=-63.814774, z=0.001792)",33.5920496646091,"Vector3D(x=-0.124720, y=15.016447, z=0.000001)",-0.123,-0.123,70,0.5,0,0,0.903,0.893,0.99,False,cruise,1,userPrompt,WARNING: This branch is not tested,Always keep hands on wheel and eyes on road,none,detection probability more than 60,Pass
15:37:47,True,"Location(x=387.962891, y=-61.905033, z=0.001793)",33.7301434406049,"Vector3D(x=-0.125332, y=15.078177, z=0.000001)",-0.079,0.421,70,0.5,0,0,0.963,0.949,0.998,False,cruise,1,userPrompt,WARNING: This branch is not tested,Always keep hands on wheel and eyes on road,none,detection probability more than 60,Pass
15:37:47,True,"Location(x=387.950226, y=-60.385746, z=0.001794)",33.8391328639605,"Vector3D(x=-0.125453, y=15.126901, z=0.000002)",0.343,0.343,70,0.5,0,0,0.909,0.917,0.992,False,cruise,1,userPrompt,WARNING: This branch is not tested,Always keep hands on wheel and eyes on road,none,detection probability more than 60,Pass
15:37:48,True,"Location(x=387.937500, y=-58.854771, z=0.001794)",33.9487283834359,"Vector3D(x=-0.123964, y=15.175908, z=-0.000001)",0.218,0.218,70,0.5,0,0,0.873,0.87,0.984,False,cruise,1,userPrompt,WARNING: This branch is not tested,Always keep hands on wheel and eyes on road,none,detection probability more than 60,Pass
15:37:48,True,"Location(x=387.924988, y=-57.329227, z=0.001794)",34.0570437538662,"Vector3D(x=-0.125480, y=15.224319, z=0.000001)",-0.376,-0.376,70,0.5,0,0,0.931,0.923,0.995,False,cruise,1,userPrompt,WARNING: This branch is not tested,Always keep hands on wheel and eyes on road,none,detection probability more than 60,Pass
15:37:48,True,"Location(x=387.912842, y=-55.847649, z=0.001795)",34.1606793967043,"Vector3D(x=-0.125170, y=15.270652, z=-0.000002)",-0.141,-0.141,70,0.5,0,0,0.949,0.942,0.997,False,cruise,1,userPrompt,WARNING: This branch is not tested,Always keep hands on wheel and eyes on road,none,detection probability more than 60,Pass
15:37:48,True,"Location(x=387.900574, y=-54.344231, z=0.001795)",34.2639871159042,"Vector3D(x=-0.124655, y=15.316840, z=-0.000002)",0.015,-0.485,70,0.5,0,0,0.767,0.727,0.872,False,cruise,1,userPrompt,WARNING: This branch is not tested,Always keep hands on wheel and eyes on road,none,detection probability more than 60,Pass
15:37:48,True,"Location(x=387.888245, y=-52.836929, z=0.001795)",34.36449884512,"Vector3D(x=-0.125812, y=15.361765, z=-0.000001)",-0.487,-0.487,70,0.5,0,0,0.912,0.885,0.892,False,cruise,1,userPrompt,WARNING: This branch is not tested,Always keep hands on wheel and eyes on road,none,detection probability more than 60,Pass
15:37:48,True,"Location(x=387.875153, y=-51.250908, z=0.001796)",34.4656551435363,"Vector3D(x=-0.130070, y=15.406952, z=-0.000001)",-0.837,-0.837,70,0.5,0.001,0.001,0.763,0.703,0.855,False,cruise,1,userPrompt,WARNING: This branch is not tested,Always keep hands on wheel and eyes on road,none,detection probability more than 60,Pass
15:37:48,True,"Location(x=387.863159, y=-49.843403, z=0.001797)",34.5514766028026,"Vector3D(x=-0.132386, y=15.445299, z=-0.000002)",-0.165,-0.165,70,0.5,0,0,0.814,0.793,0.381,False,cruise,1,normal,,,none,detection probability less than 60,mitigation strategy
15:37:48,True,"Location(x=387.851776, y=-48.523594, z=0.001798)",34.6284451480332,"Vector3D(x=-0.135111, y=15.479685, z=-0.000001)",-0.579,-0.579,70,0.5,0.001,0.001,0.853,0.78,0.481,False,cruise,1,normal,,,none,detection probability less than 60,mitigation strategy
15:37:48,True,"Location(x=387.839264, y=-47.087482, z=0.001799)",34.708574789448,"Vector3D(x=-0.138311, y=15.515479, z=-0.000001)",-0.488,-0.488,70,0.5,0,0,0.622,0.494,0.588,False,cruise,1,normal,,,none,detection probability less than 60,mitigation strategy
15:37:48,True,"Location(x=387.825073, y=-45.501270, z=0.001801)",34.7918756505209,"Vector3D(x=-0.139721, y=15.552707, z=-0.000000)",-0.286,-0.286,70,0.5,0,0,0.614,0.536,0,False,cruise,1,normal,,,none,detection probability less than 30,mitigation strategy
15:37:49,True,"Location(x=387.806519, y=-43.437469, z=0.001803)",34.8933306544874,"Vector3D(x=-0.142297, y=15.598040, z=0.000000)",-0.111,-0.111,70,0.5,0,0,0.525,0.402,0.057,False,cruise,1,normal,,,none,detection probability less than 30,mitigation strategy
15:37:49,True,"Location(x=387.792969, y=-41.946487, z=0.001804)",34.9615763796805,"Vector3D(x=-0.143322, y=15.628540, z=0.000002)",-0.887,-0.888,70,0.5,0.001,0.001,0.463,0.376,0,False,cruise,1,normal,,,none,detection probability less than 30,mitigation strategy
15:37:49,True,"Location(x=387.777740, y=-40.329529, z=0.001806)",35.0300996284241,"Vector3D(x=-0.153480, y=15.659078, z=-0.000000)",-1.948,-1.949,70,0.5,0.002,0.002,0.695,0.687,0,False,cruise,1,normal,,,none,detection probability less than 30,mitigation strategy
15:37:49,True,"Location(x=387.762268, y=-38.803490, z=0.001807)",35.0902503083917,"Vector3D(x=-0.170408, y=15.685794, z=0.000001)",-3.79,-3.79,70,0.5,0.004,0.004,0.615,0.639,0,False,cruise,1,normal,,,none,detection probability less than 30,mitigation strategy
15:37:49,True,"Location(x=387.743469, y=-37.161388, z=0.001809)",35.1514139684062,"Vector3D(x=-0.197414, y=15.712822, z=0.000000)",-4.171,-4.172,70,0.5,0.004,0.004,0.556,0.543,0,False,cruise,1,normal,,,none,detection probability less than 30,mitigation strategy
15:37:49,True,"Location(x=387.730499, y=-36.154186, z=0.001809)",35.1875466707069,"Vector3D(x=-0.217425, y=15.728712, z=-0.000001)",-6.368,-5.868,70,0.5,0.006,0.006,0.567,0.645,0,False,cruise,1,normal,,,none,detection probability less than 30,mitigation strategy
15:37:49,True,"Location(x=387.705688, y=-34.484844, z=0.001810)",35.2455006027593,"Vector3D(x=-0.266299, y=15.753872, z=0.000001)",-7.436,-6.936,70,0.5,0.007,0.007,0.411,0.412,0,False,cruise,1,normal,,,none,detection probability less than 30,mitigation strategy
15:37:49,True,"Location(x=387.668579, y=-32.479698, z=0.001811)",35.3124325844058,"Vector3D(x=-0.342417, y=15.782330, z=-0.000000)",-11.801,-11.301,70,0.5,0.011,0.011,0.387,0.378,0,False,cruise,1,normal,,,none,detection probability less than 30,mitigation strategy
15:37:49,True,"Location(x=387.632935, y=-30.958014, z=0.001812)",35.3610345837197,"Vector3D(x=-0.426988, y=15.802003, z=-0.000001)",-12.156,-12.301,70,0.5,0.012,0.012,0.091,0.082,0,False,cruise,1,normal,,,none,detection probability less than 30,mitigation strategy
15:37:49,True,"Location(x=387.588287, y=-29.398844, z=0.001812)",35.4103377181034,"Vector3D(x=-0.515568, y=15.821413, z=-0.000000)",-15.648,-15.148,70,0.5,0.015,0.014,0.323,0.381,0,False,cruise,1,normal,,,none,detection probability less than 30,mitigation strategy
15:37:50,True,"Location(x=387.532379, y=-27.809465, z=0.001813)",35.458301976204,"Vector3D(x=-0.639416, y=15.838351, z=-0.000001)",-20.648,-20.148,70,0.5,0.02,0.019,0.154,0.186,0,False,cruise,1,normal,,,none,detection probability less than 30,mitigation strategy
15:37:50,True,"Location(x=387.461914, y=-26.188799, z=0.001814)",35.5019342341374,"Vector3D(x=-0.787710, y=15.851198, z=-0.000001)",-22.816,-22.316,70,0.5,0.022,0.021,0.05,0.063,0,False,cruise,1,normal,,,none,detection probability less than 30,mitigation strategy
15:37:50,True,"Location(x=387.382416, y=-24.683712, z=0.001815)",35.5338411133046,"Vector3D(x=-0.944892, y=15.856894, z=-0.000001)",-26.051,-25.551,70,0.5,0.025,0.024,0.063,0.105,0,False,cruise,1,normal,,,none,detection probability less than 30,mitigation strategy
15:37:50,True,"Location(x=387.285156, y=-23.149818, z=0.001818)",35.5550808986823,"Vector3D(x=-1.133761, y=15.854030, z=-0.000001)",-31.051,-30.551,70,0.5,0.03,0.029,0.101,0.132,0,False,cruise,1,normal,,,none,detection probability less than 30,mitigation strategy
15:37:50,True,"Location(x=387.183502, y=-21.798428, z=0.001821)",35.5624534658234,"Vector3D(x=-1.326311, y=15.842391, z=-0.000003)",-36.051,-35.551,70,0.5,0.034,0.034,0.095,0.162,0,False,cruise,1,normal,,,none,detection probability less than 30,mitigation strategy
15:37:50,True,"Location(x=387.046814, y=-20.261648, z=0.001824)",35.5577679146152,"Vector3D(x=-1.576230, y=15.817375, z=-0.000001)",-39.77,-39.27,70,0.5,0.038,0.037,0.07,0.136,0,False,cruise,1,normal,,,none,detection probability less than 30,mitigation strategy
15:37:50,True,"Location(x=386.921509, y=-19.050032, z=0.001828)",35.5451892034487,"Vector3D(x=-1.790830, y=15.788858, z=-0.000005)",-43.31,-42.81,70,0.5,0.041,0.041,0.059,0.141,0,False,cruise,1,normal,,,none,detection probability less than 30,mitigation strategy
15:37:50,True,"Location(x=386.732269, y=-17.469666, z=0.001832)",35.5197082506008,"Vector3D(x=-2.094610, y=15.739944, z=-0.000002)",-47.079,-46.579,70,0.5,0.045,0.044,0.112,0.227,0,False,cruise,1,normal,,,none,detection probability less than 30,mitigation strategy
15:37:50,True,"Location(x=386.379303, y=-15.054973, z=0.001837)",35.46235802056,"Vector3D(x=-2.620362, y=15.635006, z=-0.000005)",-51.564,-51.064,70,0.5,0.049,0.049,0.119,0.201,0,False,cruise,1,normal,,,none,detection probability less than 30,mitigation strategy
15:37:50,True,"Location(x=386.183167, y=-13.917931, z=0.001839)",35.4298356019245,"Vector3D(x=-2.893049, y=15.572065, z=-0.000004)",-56.564,-56.064,70,0.5,0.054,0.053,0.074,0.192,0,False,cruise,1,normal,,,none,detection probability less than 30,mitigation strategy
15:37:51,True,"Location(x=385.880432, y=-12.363021, z=0.001842)",35.3819720926689,"Vector3D(x=-3.292787, y=15.470591, z=-0.000001)",-59.742,-59.242,70,0.5,0.057,0.056,0.12,0.27,0,False,cruise,1,normal,,,none,detection probability less than 30,mitigation strategy
15:37:51,True,"Location(x=385.548035, y=-10.865322, z=0.001982)",35.3334554929569,"Vector3D(x=-3.702547, y=15.355361, z=0.004048)",-61.586,-62.086,70,0.5,0.059,0.059,0.151,0.331,0,False,cruise,1,normal,,,none,detection probability less than 30,mitigation strategy
15:37:51,True,"Location(x=385.170959, y=-9.361350, z=0.002371)",35.2878418400892,"Vector3D(x=-4.121525, y=15.227121, z=0.005307)",-58.586,-59.086,70,0.5,0.056,0.056,0.132,0.325,0,False,cruise,1,userPrompt,TAKE CONTROL,Turn Exceeds Steering Limit,chimePrompt,detection probability less than 30,mitigation strategy
15:37:51,True,"Location(x=384.759186, y=-7.890971, z=0.002987)",35.2484570696984,"Vector3D(x=-4.528975, y=15.092560, z=0.008312)",-59.627,-59.127,70,0.5,0.057,0.056,0.138,0.347,0,False,cruise,1,userPrompt,TAKE CONTROL,Turn Exceeds Steering Limit,chimePrompt,detection probability less than 30,mitigation strategy
15:37:51,True,"Location(x=384.261597, y=-6.294003, z=0.003926)",35.2082844344564,"Vector3D(x=-4.986339, y=14.928756, z=0.008878)",-64.246,-63.746,70,0.5,0.061,0.061,0.17,0.316,0,False,cruise,1,userPrompt,TAKE CONTROL,Turn Exceeds Steering Limit,chimePrompt,detection probability less than 30,mitigation strategy
15:37:51,True,"Location(x=383.636047, y=-4.500877, z=0.004982)",35.1635595364217,"Vector3D(x=-5.524293, y=14.716811, z=0.008500)",-66.69,-66.19,70,0.5,0.064,0.063,0.17,0.361,0,False,cruise,1,userPrompt,TAKE CONTROL,Turn Exceeds Steering Limit,chimePrompt,detection probability less than 30,mitigation strategy
15:37:51,True,"Location(x=383.037994, y=-2.961163, z=0.005860)",35.1238262167172,"Vector3D(x=-6.004526, y=14.508270, z=0.008174)",-68.7,-68.2,70,0.5,0.065,0.065,0.163,0.422,0,False,cruise,1,userPrompt,TAKE CONTROL,Turn Exceeds Steering Limit,chimePrompt,detection probability less than 30,mitigation strategy
15:37:51,True,"Location(x=382.641876, y=-2.017835, z=0.006389)",35.0995260075824,"Vector3D(x=-6.306929, y=14.367528, z=0.008021)",-71.03,-71.018,70,0.5,0.068,0.068,0.214,0.413,0,False,cruise,1,userPrompt,TAKE CONTROL,Turn Exceeds Steering Limit,chimePrompt,detection probability less than 30,mitigation strategy
15:37:51,True,"Location(x=381.982635, y=-0.561385, z=0.007198)",35.0617794754863,"Vector3D(x=-6.786419, y=14.128640, z=0.007824)",-74.03,-74.53,70,0.5,0.071,0.071,0.176,0.419,0,False,cruise,1,userPrompt,TAKE CONTROL,Turn Exceeds Steering Limit,chimePrompt,detection probability less than 30,mitigation strategy
15:37:51,True,"Location(x=381.227325, y=0.960866, z=0.008041)",35.0201180855999,"Vector3D(x=-7.302359, y=13.847961, z=0.007664)",-74.509,-74.009,70,0.5,0.071,0.07,0.197,0.436,0,False,cruise,1,userPrompt,TAKE CONTROL,Turn Exceeds Steering Limit,chimePrompt,detection probability less than 30,mitigation strategy
15:37:52,True,"Location(x=380.478027, y=2.342447, z=0.008806)",34.9799261267187,"Vector3D(x=-7.780784, y=13.564204, z=0.007514)",-76.498,-75.998,70,0.5,0.073,0.072,0.27,0.525,0,False,cruise,1,userPrompt,TAKE CONTROL,Turn Exceeds Steering Limit,chimePrompt,detection probability less than 30,mitigation strategy
15:37:52,True,"Location(x=379.865295, y=3.391097, z=0.009388)",34.9471899189306,"Vector3D(x=-8.150395, y=13.328234, z=0.007400)",-78.748,-78.248,70,0.5,0.075,0.075,0.259,0.479,0,False,cruise,1,userPrompt,TAKE CONTROL,Turn Exceeds Steering Limit,chimePrompt,detection probability less than 30,mitigation strategy
15:37:52,True,"Location(x=379.010162, y=4.750321, z=0.010144)",34.9011718951231,"Vector3D(x=-8.637919, y=12.992873, z=0.007246)",-79.348,-78.848,70,0.5,0.076,0.075,0.268,0.458,0,False,cruise,1,userPrompt,TAKE CONTROL,Turn Exceeds Steering Limit,chimePrompt,detection probability less than 30,mitigation strategy
15:37:52,True,"Location(x=378.032928, y=6.176144, z=0.010942)",34.8489202403448,"Vector3D(x=-9.153884, y=12.605811, z=0.007063)",-78.32,-78.296,70,0.5,0.075,0.075,0.219,0.433,0,False,cruise,1,userPrompt,TAKE CONTROL,Turn Exceeds Steering Limit,chimePrompt,detection probability less than 30,mitigation strategy
15:37:52,True,"Location(x=377.112701, y=7.411796, z=0.011636)",34.7999815008848,"Vector3D(x=-9.601010, y=12.240894, z=0.006894)",-77.012,-77.512,70,0.5,0.073,0.074,0.224,0.439,0,False,cruise,1,userPrompt,TAKE CONTROL,Turn Exceeds Steering Limit,chimePrompt,detection probability less than 30,mitigation strategy
15:37:52,True,"Location(x=376.067413, y=8.708348, z=0.012369)",34.7460323948688,"Vector3D(x=-10.061765, y=11.833426, z=0.006704)",-73.738,-74.238,70,0.5,0.07,0.071,0.222,0.412,0,False,cruise,1,userPrompt,TAKE CONTROL,Turn Exceeds Steering Limit,chimePrompt,detection probability less than 30,mitigation strategy
15:37:52,True,"Location(x=375.010193, y=9.920787, z=0.013057)",34.6939251107486,"Vector3D(x=-10.477611, y=11.435282, z=0.006518)",-74.488,-73.988,70,0.5,0.071,0.07,0.257,0.518,0,False,cruise,1,userPrompt,TAKE CONTROL,Turn Exceeds Steering Limit,chimePrompt,detection probability less than 30,mitigation strategy
15:37:52,True,"Location(x=373.712463, y=11.292477, z=0.013841)",34.6259860953444,"Vector3D(x=-10.944870, y=10.945988, z=0.006152)",-71.488,-70.988,70,0.5,0.068,0.068,0.332,0.599,0,False,cruise,1,userPrompt,TAKE CONTROL,Turn Exceeds Steering Limit,chimePrompt,detection probability less than 30,mitigation strategy
15:37:52,True,"Location(x=372.943390, y=12.052107, z=0.014279)",34.5867897323194,"Vector3D(x=-11.197027, y=10.662516, z=0.007134)",-69.625,-70.125,70,0.5,0.066,0.067,0.181,0.408,0,False,cruise,1,userPrompt,TAKE CONTROL,Turn Exceeds Steering Limit,chimePrompt,detection probability less than 30,mitigation strategy
15:37:52,True,"Location(x=371.533844, y=13.353202, z=0.017609)",34.5089925843675,"Vector3D(x=-11.618086, y=10.149194, z=0.049019)",-73.625,-73.125,70,0.5,0.07,0.07,0.164,0.405,0,False,cruise,1,userPrompt,TAKE CONTROL,Turn Exceeds Steering Limit,chimePrompt,detection probability less than 30,mitigation strategy
15:37:53,True,"Location(x=370.267090, y=14.430184, z=0.022973)",34.4329189561379,"Vector3D(x=-11.970518, y=9.676837, z=0.076576)",-75.523,-75.023,70,0.5,0.072,0.071,0.133,0.481,0,False,cruise,1,userPrompt,TAKE CONTROL,Turn Exceeds Steering Limit,chimePrompt,detection probability less than 30,mitigation strategy
15:37:53,True,"Location(x=369.950195, y=14.686812, z=0.025118)",34.413140510529,"Vector3D(x=-12.053996, y=9.558290, z=0.092095)",-76.115,-76.068,70,0.5,0.072,0.072,0.13,0.439,0,False,cruise,1,userPrompt,TAKE CONTROL,Turn Exceeds Steering Limit,chimePrompt,detection probability less than 30,mitigation strategy
15:37:53,True,"Location(x=367.861877, y=16.260180, z=0.045430)",34.2761251110327,"Vector3D(x=-12.561219, y=8.773855, z=0.150421)",-76.096,-76.035,70,0.5,0.072,0.072,0.133,0.5,0,False,cruise,1,userPrompt,TAKE CONTROL,Turn Exceeds Steering Limit,chimePrompt,detection probability less than 30,mitigation strategy
15:37:53,True,"Location(x=366.975616, y=16.870558, z=0.056420)",34.2169842351945,"Vector3D(x=-12.753593, y=8.443563, z=0.173145)",-73.88,-73.853,70,0.5,0.07,0.07,0.121,0.571,0,False,cruise,1,userPrompt,TAKE CONTROL,Turn Exceeds Steering Limit,chimePrompt,detection probability less than 30,mitigation strategy
15:37:53,True,"Location(x=365.811646, y=17.624317, z=0.072561)",34.1412704813792,"Vector3D(x=-12.987844, y=8.014057, z=0.185355)",-74.827,-75.327,70,0.5,0.071,0.072,0.093,0.438,0,False,cruise,1,userPrompt,TAKE CONTROL,Turn Exceeds Steering Limit,chimePrompt,detection probability less than 30,mitigation strategy
15:37:53,True,"Location(x=364.475739, y=18.426865, z=0.092122)",34.0593163344823,"Vector3D(x=-13.235014, y=7.524809, z=0.195460)",-70.189,-70.689,70,0.5,0.067,0.067,0.085,0.422,0,False,cruise,1,userPrompt,TAKE CONTROL,Turn Exceeds Steering Limit,chimePrompt,detection probability less than 30,mitigation strategy
15:37:53,True,"Location(x=363.237610, y=19.115068, z=0.110372)",33.9913536455693,"Vector3D(x=-13.436848, y=7.093308, z=0.195944)",-67.738,-67.706,70,0.5,0.065,0.064,0.074,0.41,0,False,cruise,1,userPrompt,TAKE CONTROL,Turn Exceeds Steering Limit,chimePrompt,detection probability less than 30,mitigation strategy
15:37:53,True,"Location(x=361.720001, y=19.891867, z=0.132324)",33.9123861031753,"Vector3D(x=-13.658043, y=6.576497, z=0.195557)",-68.165,-68.133,70,0.5,0.065,0.065,0.079,0.445,0,False,cruise,1,userPrompt,TAKE CONTROL,Turn Exceeds Steering Limit,chimePrompt,detection probability less than 30,mitigation strategy
15:37:53,True,"Location(x=359.883850, y=20.740053, z=0.158452)",33.822469082064,"Vector3D(x=-13.891751, y=5.966092, z=0.196304)",-65.007,-65.507,70,0.5,0.062,0.062,0.058,0.341,0,False,cruise,1,userPrompt,TAKE CONTROL,Turn Exceeds Steering Limit,chimePrompt,detection probability less than 30,mitigation strategy
15:37:53,True,"Location(x=358.899689, y=21.156504, z=0.172337)",33.7794804846934,"Vector3D(x=-14.000042, y=5.656216, z=0.197010)",-60.384,-60.507,70,0.5,0.058,0.058,0.052,0.32,0,False,cruise,1,userPrompt,TAKE CONTROL,Turn Exceeds Steering Limit,chimePrompt,detection probability less than 30,mitigation strategy
15:37:54,True,"Location(x=357.041321, y=21.876528, z=0.198429)",33.7042188645876,"Vector3D(x=-14.180123, y=5.089446, z=0.198533)",-60.914,-61.414,70,0.5,0.058,0.058,0.065,0.344,0,False,cruise,1,userPrompt,TAKE CONTROL,Turn Exceeds Steering Limit,chimePrompt,detection probability less than 30,mitigation strategy
15:37:54,True,"Location(x=356.717377, y=21.993555, z=0.202966)",33.6917390463269,"Vector3D(x=-14.208628, y=4.992501, z=0.198791)",-55.914,-56.414,70,0.5,0.053,0.054,0.068,0.326,0,False,cruise,1,userPrompt,TAKE CONTROL,Turn Exceeds Steering Limit,chimePrompt,detection probability less than 30,mitigation strategy
15:37:54,True,"Location(x=354.710175, y=22.666183, z=0.231009)",33.6273544580741,"Vector3D(x=-14.362576, y=4.433934, z=0.200323)",-55.638,-55.414,70,0.5,0.053,0.053,0.07,0.446,0,False,cruise,1,userPrompt,TAKE CONTROL,Turn Exceeds Steering Limit,chimePrompt,detection probability less than 30,mitigation strategy
15:37:54,True,"Location(x=353.163239, y=23.127268, z=0.252567)",33.5835696351954,"Vector3D(x=-14.464828, y=4.015420, z=0.201334)",-54.349,-54.011,70,0.5,0.052,0.051,0.062,0.308,0,False,cruise,1,userPrompt,TAKE CONTROL,Turn Exceeds Steering Limit,chimePrompt,detection probability less than 30,mitigation strategy
15:37:54,True,"Location(x=351.880035, y=23.473942, z=0.270419)",33.5497399957166,"Vector3D(x=-14.538816, y=3.677433, z=0.202073)",-53.877,-53.377,70,0.5,0.051,0.051,0.083,0.47,0,False,cruise,1,userPrompt,TAKE CONTROL,Turn Exceeds Steering Limit,chimePrompt,detection probability less than 30,mitigation strategy
15:37:54,True,"Location(x=350.244019, y=23.870859, z=0.292731)",33.5118172691401,"Vector3D(x=-14.621640, y=3.256880, z=0.183483)",-52.096,-52.596,70,0.5,0.05,0.05,0.098,0.389,0,False,cruise,1,userPrompt,TAKE CONTROL,Turn Exceeds Steering Limit,chimePrompt,detection probability less than 30,mitigation strategy
15:37:54,True,"Location(x=348.899353, y=24.160769, z=0.309439)",33.486734755918,"Vector3D(x=-14.679832, y=2.927368, z=0.174634)",-47.096,-47.596,70,0.5,0.045,0.045,0.094,0.448,0,False,cruise,1,userPrompt,TAKE CONTROL,Turn Exceeds Steering Limit,chimePrompt,detection probability less than 30,mitigation strategy
15:37:54,True,"Location(x=347.537445, y=24.423420, z=0.326047)",33.4639370620164,"Vector3D(x=-14.728086, y=2.616666, z=0.170265)",-42.36,-42.86,70,0.5,0.04,0.041,0.109,0.488,0,False,cruise,1,userPrompt,TAKE CONTROL,Turn Exceeds Steering Limit,chimePrompt,detection probability less than 30,mitigation strategy
15:37:54,True,"Location(x=346.146790, y=24.661764, z=0.341547)",33.4406019280311,"Vector3D(x=-14.766617, y=2.323691, z=0.167092)",-38.932,-39.432,70,0.5,0.037,0.038,0.101,0.527,0,False,cruise,1,userPrompt,TAKE CONTROL,Turn Exceeds Steering Limit,chimePrompt,detection probability less than 30,mitigation strategy
15:37:54,True,"Location(x=344.444489, y=24.915901, z=0.361266)",33.4078753575015,"Vector3D(x=-14.800356, y=1.989943, z=0.181165)",-37.262,-36.762,70,0.5,0.035,0.035,0.102,0.484,0,False,cruise,1,userPrompt,TAKE CONTROL,Turn Exceeds Steering Limit,chimePrompt,detection probability less than 30,mitigation strategy
15:37:55,True,"Location(x=344.055786, y=24.818193, z=0.324402)",6.12283740266696,"Vector3D(x=2.155498, y=-1.643496, z=-0.380437)",-37.013,-36.513,70,0.5,0.035,0.035,0.021,0.071,0,False,cruise,1,userPrompt,TAKE CONTROL,Turn Exceeds Steering Limit,chimePrompt,detection probability less than 30,mitigation strategy
15:37:55,True,"Location(x=344.195251, y=24.767876, z=0.319374)",2.11636836544543,"Vector3D(x=0.928163, y=-0.160095, z=0.089378)",-40.013,-40.513,70,0.5,0.038,0.039,0.006,0.029,0,False,cruise,1,userPrompt,TAKE CONTROL,Turn Exceeds Steering Limit,chimePrompt,detection probability less than 30,mitigation strategy
15:37:55,True,"Location(x=344.204224, y=24.766096, z=0.336868)",1.38252668802777,"Vector3D(x=-0.589539, y=0.108638, z=0.150397)",-41.013,-40.513,70,0.5,0.039,0.039,0.017,0.059,0,False,cruise,1,userPrompt,TAKE CONTROL,Turn Exceeds Steering Limit,chimePrompt,detection probability less than 30,mitigation strategy
15:37:55,True,"Location(x=344.113007, y=24.780346, z=0.349476)",3.09736374658511,"Vector3D(x=-1.361642, y=0.220591, z=0.120444)",-41.142,-41.642,70,0.5,0.039,0.04,0.018,0.069,0,False,cruise,1,userPrompt,TAKE CONTROL,Turn Exceeds Steering Limit,chimePrompt,detection probability less than 30,mitigation strategy
15:37:55,True,"Location(x=343.909058, y=24.811920, z=0.361846)",4.56850234015043,"Vector3D(x=-2.016789, y=0.308681, z=0.090923)",-36.142,-36.642,70,0.5,0.034,0.035,0.024,0.09,0,False,cruise,1,userPrompt,TAKE CONTROL,Turn Exceeds Steering Limit,chimePrompt,detection probability less than 30,mitigation strategy
15:37:55,True,"Location(x=343.853516, y=24.809015, z=0.367122)",0.075211023494605,"Vector3D(x=-0.009961, y=-0.020295, z=0.024887)",-35.151,-34.651,70,0.5,0.033,0.033,0.035,0.142,0,False,cruise,1,userPrompt,TAKE CONTROL,Turn Exceeds Steering Limit,chimePrompt,detection probability less than 30,mitigation strategy
15:37:55,True,"Location(x=343.852692, y=24.806250, z=0.369413)",0.028180708551084,"Vector3D(x=-0.004146, y=-0.008488, z=0.008335)",-40.151,-39.651,70,0.5,0.038,0.038,0.041,0.198,0,False,cruise,1,userPrompt,TAKE CONTROL,Turn Exceeds Steering Limit,chimePrompt,detection probability less than 30,mitigation strategy
15:37:55,True,"Location(x=343.852325, y=24.805250, z=0.369922)",0.038147569026144,"Vector3D(x=-0.008462, y=-0.013920, z=0.005046)",-41.151,-41.651,70,0.5,0.039,0.04,0.082,0.223,0,False,cruise,1,userPrompt,TAKE CONTROL,Turn Exceeds Steering Limit,chimePrompt,detection probability less than 30,mitigation strategy
15:37:55,True,"Location(x=343.851440, y=24.803173, z=0.370432)",0.036867830673251,"Vector3D(x=-0.007890, y=-0.014269, z=0.002406)",-36.151,-36.651,70,0.5,0.034,0.035,0.086,0.204,0,False,cruise,1,userPrompt,TAKE CONTROL,Turn Exceeds Steering Limit,chimePrompt,detection probability less than 30,mitigation strategy
15:37:55,True,"Location(x=343.851074, y=24.802326, z=0.370597)",0.022008717185849,"Vector3D(x=-0.004590, y=-0.008502, z=0.001859)",-31.151,-31.651,70,0.5,0.03,0.03,0.048,0.106,0,False,cruise,1,userPrompt,TAKE CONTROL,Turn Exceeds Steering Limit,chimePrompt,detection probability less than 30,mitigation strategy
15:37:56,True,"Location(x=343.850647, y=24.801291, z=0.370741)",0.023475297559612,"Vector3D(x=-0.006106, y=-0.008477, z=0.000997)",-26.151,-26.651,70,0.5,0.025,0.025,0.077,0.139,0,False,cruise,1,userPrompt,TAKE CONTROL,Turn Exceeds Steering Limit,chimePrompt,detection probability less than 30,mitigation strategy
15:37:56,True,"Location(x=343.849731, y=24.799311, z=0.370826)",0.043197793086374,"Vector3D(x=-0.008681, y=-0.017249, z=0.000151)",-21.151,-21.651,70,0.5,0.02,0.021,0.046,0.125,0,False,cruise,1,userPrompt,TAKE CONTROL,Turn Exceeds Steering Limit,chimePrompt,detection probability less than 30,mitigation strategy
15:37:56,True,"Location(x=343.849121, y=24.798018, z=0.370854)",0.039688041170513,"Vector3D(x=-0.007762, y=-0.015950, z=0.000358)",-16.151,-16.651,70,0.5,0.015,0.016,0.053,0.13,0,False,cruise,1,userPrompt,TAKE CONTROL,Turn Exceeds Steering Limit,chimePrompt,detection probability less than 30,mitigation strategy
15:37:56,True,"Location(x=343.848206, y=24.796049, z=0.370884)",0.038878240711034,"Vector3D(x=-0.008261, y=-0.015291, z=0.000123)",-11.151,-11.651,70,0.5,0.011,0.011,0.046,0.121,0,False,cruise,1,userPrompt,TAKE CONTROL,Turn Exceeds Steering Limit,chimePrompt,detection probability less than 30,mitigation strategy
15:37:56,True,"Location(x=343.847015, y=24.793558, z=0.370850)",0.042413137295332,"Vector3D(x=-0.009258, y=-0.016546, z=0.000115)",-6.151,-6.651,70,0.5,0.006,0.006,0.033,0.101,0,False,cruise,1,normal,,,none,detection probability less than 30,mitigation strategy
15:37:56,True,"Location(x=343.846588, y=24.792643, z=0.370903)",0.029073602437593,"Vector3D(x=-0.006986, y=-0.010943, z=0.000611)",-1.151,-1.651,70,0.5,0.001,0.002,0.028,0.102,0,False,cruise,1,normal,,,none,detection probability less than 30,mitigation strategy
15:37:56,True,"Location(x=343.845886, y=24.791172, z=0.370917)",0.028634740497481,"Vector3D(x=-0.005899, y=-0.011361, z=0.000002)",3.849,3.349,70,0.5,-0.004,-0.003,0.036,0.11,0,False,cruise,1,normal,,,none,detection probability less than 30,mitigation strategy
15:37:56,True,"Location(x=343.845154, y=24.789534, z=0.370934)",0.028262219935262,"Vector3D(x=-0.006719, y=-0.010699, z=0.000072)",8.849,8.349,70,0.5,-0.008,-0.008,0.031,0.097,0,False,cruise,1,normal,,,none,detection probability less than 30,mitigation strategy
15:37:56,True,"Location(x=343.844666, y=24.788603, z=0.370916)",0.028957296419528,"Vector3D(x=-0.006517, y=-0.011182, z=-0.000242)",13.849,13.349,70,0.5,-0.013,-0.013,0.045,0.121,0,False,cruise,1,normal,,,none,detection probability less than 30,mitigation strategy
15:37:56,True,"Location(x=343.843781, y=24.786812, z=0.370941)",0.028707778637647,"Vector3D(x=-0.007010, y=-0.010747, z=0.000250)",18.849,18.349,70,0.5,-0.018,-0.017,0.04,0.1,0,False,cruise,1,normal,,,none,detection probability less than 30,mitigation strategy
15:37:57,True,"Location(x=343.843353, y=24.785852, z=0.370947)",0.029225901259074,"Vector3D(x=-0.006039, y=-0.011585, z=0.000117)",23.849,23.349,70,0.5,-0.023,-0.022,0.026,0.082,0,False,cruise,1,normal,,,none,detection probability less than 30,mitigation strategy
15:37:57,True,"Location(x=343.842499, y=24.784088, z=0.370963)",0.028236124955845,"Vector3D(x=-0.007271, y=-0.010318, z=0.000039)",22.048,22.048,70,0.5,-0.021,-0.021,0.035,0.085,0,False,cruise,1,normal,,,none,detection probability less than 30,mitigation strategy
15:37:57,True,"Location(x=343.842072, y=24.783182, z=0.370939)",0.029928734519616,"Vector3D(x=-0.007847, y=-0.010832, z=-0.000303)",20.64,21.14,70,0.5,-0.02,-0.02,0.027,0.073,0,False,cruise,1,normal,,,none,detection probability less than 30,mitigation strategy
15:37:57,True,"Location(x=343.841492, y=24.781960, z=0.370966)",0.011283750511136,"Vector3D(x=-0.004433, y=-0.002384, z=0.000326)",19.799,19.719,70,0.5,-0.019,-0.019,0.036,0.08,0,False,cruise,1,normal,,,none,detection probability less than 30,mitigation strategy
15:37:57,True,"Location(x=343.841125, y=24.781181, z=0.371005)",0.022750103378058,"Vector3D(x=-0.004566, y=-0.009087, z=-0.000110)",20.593,21.093,70,0.5,-0.02,-0.02,0.026,0.071,0,False,cruise,1,normal,,,none,detection probability less than 30,mitigation strategy
15:37:57,True,"Location(x=343.840332, y=24.779631, z=0.370999)",0.031822062602808,"Vector3D(x=-0.006954, y=-0.012409, z=0.000145)",18.951,19.324,70,0.5,-0.018,-0.018,0.029,0.066,0,False,cruise,1,normal,,,none,detection probability less than 30,mitigation strategy
15:37:57,True,"Location(x=343.839569, y=24.778019, z=0.371013)",0.040576428121967,"Vector3D(x=-0.008549, y=-0.015995, z=-0.000356)",17.506,17.506,70,0.5,-0.017,-0.017,0.025,0.071,0,False,cruise,1,normal,,,none,detection probability less than 30,mitigation strategy
15:37:57,True,"Location(x=343.838654, y=24.776110, z=0.371028)",0.02658759859243,"Vector3D(x=-0.006441, y=-0.009980, z=0.000416)",14.979,15.006,70,0.5,-0.014,-0.014,0.027,0.075,0,False,cruise,1,normal,,,none,detection probability less than 30,mitigation strategy
15:37:57,True,"Location(x=343.837952, y=24.774721, z=0.370996)",0.029751058321899,"Vector3D(x=-0.007234, y=-0.011160, z=0.000119)",16.301,15.801,70,0.5,-0.016,-0.015,0.026,0.09,0,False,cruise,1,normal,,,none,detection probability less than 30,mitigation strategy
15:37:57,True,"Location(x=343.837524, y=24.773815, z=0.371038)",0.02807469536643,"Vector3D(x=-0.006900, y=-0.010479, z=0.000307)",16.993,16.993,70,0.5,-0.016,-0.016,0.031,0.081,0,False,cruise,1,normal,,,none,detection probability less than 30,mitigation strategy
15:37:58,True,"Location(x=343.836823, y=24.772379, z=0.371054)",0.028486052724969,"Vector3D(x=-0.008417, y=-0.009540, z=0.000551)",16.608,16.608,70,0.5,-0.016,-0.016,0.037,0.103,0,False,cruise,1,normal,,,none,detection probability less than 30,mitigation strategy
15:37:58,True,"Location(x=343.836121, y=24.770914, z=0.371040)",0.033443341452458,"Vector3D(x=-0.006917, y=-0.013198, z=0.001215)",16.464,16.464,70,0.5,-0.016,-0.016,0.034,0.094,0,False,cruise,1,normal,,,none,detection probability less than 30,mitigation strategy
15:37:58,True,"Location(x=343.835236, y=24.769045, z=0.371082)",0.03268094911336,"Vector3D(x=-0.006541, y=-0.013063, z=0.000080)",16.378,16.378,70,0.5,-0.016,-0.016,0.035,0.098,0,False,cruise,1,normal,,,none,detection probability less than 30,mitigation strategy
15:37:58,True,"Location(x=343.834412, y=24.767460, z=0.371037)",0.035320572753242,"Vector3D(x=-0.007437, y=-0.013924, z=0.000373)",15.863,16.363,70,0.5,-0.015,-0.016,0.032,0.106,0,False,cruise,1,normal,,,none,detection probability less than 30,mitigation strategy
15:37:58,True,"Location(x=343.833557, y=24.765673, z=0.371088)",0.032449122696827,"Vector3D(x=-0.006612, y=-0.012902, z=0.000499)",15.059,15.059,70,0.5,-0.014,-0.014,0.041,0.122,0,False,cruise,1,normal,,,none,detection probability less than 30,mitigation strategy
15:37:58,True,"Location(x=343.832886, y=24.764275, z=0.371099)",0.034368828953879,"Vector3D(x=-0.007140, y=-0.013603, z=-0.000181)",15.727,15.727,70,0.5,-0.015,-0.015,0.03,0.086,0,False,cruise,1,normal,,,none,detection probability less than 30,mitigation strategy
15:37:58,True,"Location(x=343.832214, y=24.762903, z=0.371083)",0.033688522916847,"Vector3D(x=-0.008730, y=-0.012270, z=0.000216)",15.045,15.045,70,0.5,-0.014,-0.014,0.035,0.085,0,False,cruise,1,normal,,,none,detection probability less than 30,mitigation strategy
15:37:58,True,"Location(x=343.831390, y=24.761316, z=0.371097)",0.032726382489939,"Vector3D(x=-0.006762, y=-0.012945, z=0.000857)",15.188,15.188,70,0.5,-0.014,-0.014,0.037,0.088,0,False,cruise,1,normal,,,none,detection probability less than 30,mitigation strategy
15:37:58,True,"Location(x=343.830627, y=24.759640, z=0.371144)",0.02158903055345,"Vector3D(x=-0.004778, y=-0.008385, z=0.000108)",15.279,15.279,70,0.5,-0.015,-0.015,0.045,0.12,0,False,cruise,1,normal,,,none,detection probability less than 30,mitigation strategy
15:37:58,True,"Location(x=343.830017, y=24.758556, z=0.371136)",0.025590238711172,"Vector3D(x=-0.005373, y=-0.010096, z=0.000279)",17.05,16.55,70,0.5,-0.016,-0.016,0.032,0.102,0,False,cruise,1,normal,,,none,detection probability less than 30,mitigation strategy
15:37:59,True,"Location(x=343.829498, y=24.757338, z=0.371132)",0.028523541960088,"Vector3D(x=-0.006673, y=-0.010863, z=0.000245)",17.851,17.865,70,0.5,-0.017,-0.017,0.041,0.101,0,False,cruise,1,normal,,,none,detection probability less than 30,mitigation strategy
